substrate,arm,band_k,max_delay,basis_terms,samples_per_term,feasible,seed,n,ipc
esn-fast (leak 1.0),A-readout,1,2,5,70.0,1,20260830,350,2.032
esn-fast (leak 1.0),A-readout,1,4,14,25.0,1,20260830,350,4.146
esn-fast (leak 1.0),A-readout,1,8,44,7.955,1,20260830,350,8.242
esn-fast (leak 1.0),A-readout,1,16,152,2.303,1,20260830,350,13.747
esn-fast (leak 1.0),A-readout,1,32,560,0.625,0,20260830,350,22.889
esn-fast (leak 1.0),B-drive,1,2,5,70.0,1,20260830,350,2.032
esn-fast (leak 1.0),B-drive,1,4,14,25.0,1,20260830,350,4.146
esn-fast (leak 1.0),B-drive,1,8,44,7.955,1,20260830,350,8.242
esn-fast (leak 1.0),B-drive,1,16,152,2.303,1,20260830,350,13.747
esn-fast (leak 1.0),B-drive,1,32,560,0.625,0,20260830,350,22.889
esn-fast (leak 1.0),A-readout,2,2,5,70.0,1,20260830,350,1.978
esn-fast (leak 1.0),A-readout,2,4,14,25.0,1,20260830,350,3.79
esn-fast (leak 1.0),A-readout,2,8,44,7.955,1,20260830,350,5.345
esn-fast (leak 1.0),A-readout,2,16,152,2.303,1,20260830,350,7.538
esn-fast (leak 1.0),A-readout,2,32,560,0.625,0,20260830,350,13.39
esn-fast (leak 1.0),B-drive,2,2,5,70.0,1,20260830,350,2.005
esn-fast (leak 1.0),B-drive,2,4,14,25.0,1,20260830,350,4.178
esn-fast (leak 1.0),B-drive,2,8,44,7.955,1,20260830,350,7.304
esn-fast (leak 1.0),B-drive,2,16,152,2.303,1,20260830,350,9.995
esn-fast (leak 1.0),B-drive,2,32,560,0.625,0,20260830,350,17.593
esn-fast (leak 1.0),A-readout,4,2,5,70.0,1,20260830,350,1.821
esn-fast (leak 1.0),A-readout,4,4,14,25.0,1,20260830,350,2.162
esn-fast (leak 1.0),A-readout,4,8,44,7.955,1,20260830,350,2.596
esn-fast (leak 1.0),A-readout,4,16,152,2.303,1,20260830,350,4.188
esn-fast (leak 1.0),A-readout,4,32,560,0.625,0,20260830,350,11.193
esn-fast (leak 1.0),B-drive,4,2,5,70.0,1,20260830,350,1.869
esn-fast (leak 1.0),B-drive,4,4,14,25.0,1,20260830,350,3.53
esn-fast (leak 1.0),B-drive,4,8,44,7.955,1,20260830,350,4.535
esn-fast (leak 1.0),B-drive,4,16,152,2.303,1,20260830,350,6.942
esn-fast (leak 1.0),B-drive,4,32,560,0.625,0,20260830,350,13.791
esn-fast (leak 1.0),A-readout,8,2,5,70.0,1,20260830,350,0.892
esn-fast (leak 1.0),A-readout,8,4,14,25.0,1,20260830,350,0.93
esn-fast (leak 1.0),A-readout,8,8,44,7.955,1,20260830,350,1.453
esn-fast (leak 1.0),A-readout,8,16,152,2.303,1,20260830,350,2.865
esn-fast (leak 1.0),A-readout,8,32,560,0.625,0,20260830,350,9.364
esn-fast (leak 1.0),B-drive,8,2,5,70.0,1,20260830,350,1.538
esn-fast (leak 1.0),B-drive,8,4,14,25.0,1,20260830,350,2.031
esn-fast (leak 1.0),B-drive,8,8,44,7.955,1,20260830,350,2.494
esn-fast (leak 1.0),B-drive,8,16,152,2.303,1,20260830,350,4.392
esn-fast (leak 1.0),B-drive,8,32,560,0.625,0,20260830,350,11.216
esn-mid (leak 0.3),A-readout,1,2,5,70.0,1,20260830,350,0.914
esn-mid (leak 0.3),A-readout,1,4,14,25.0,1,20260830,350,1.592
esn-mid (leak 0.3),A-readout,1,8,44,7.955,1,20260830,350,2.77
esn-mid (leak 0.3),A-readout,1,16,152,2.303,1,20260830,350,5.486
esn-mid (leak 0.3),A-readout,1,32,560,0.625,0,20260830,350,13.958
esn-mid (leak 0.3),B-drive,1,2,5,70.0,1,20260830,350,0.914
esn-mid (leak 0.3),B-drive,1,4,14,25.0,1,20260830,350,1.592
esn-mid (leak 0.3),B-drive,1,8,44,7.955,1,20260830,350,2.77
esn-mid (leak 0.3),B-drive,1,16,152,2.303,1,20260830,350,5.486
esn-mid (leak 0.3),B-drive,1,32,560,0.625,0,20260830,350,13.958
esn-mid (leak 0.3),A-readout,2,2,5,70.0,1,20260830,350,0.662
esn-mid (leak 0.3),A-readout,2,4,14,25.0,1,20260830,350,1.498
esn-mid (leak 0.3),A-readout,2,8,44,7.955,1,20260830,350,3.307
esn-mid (leak 0.3),A-readout,2,16,152,2.303,1,20260830,350,6.226
esn-mid (leak 0.3),A-readout,2,32,560,0.625,0,20260830,350,12.609
esn-mid (leak 0.3),B-drive,2,2,5,70.0,1,20260830,350,1.385
esn-mid (leak 0.3),B-drive,2,4,14,25.0,1,20260830,350,2.378
esn-mid (leak 0.3),B-drive,2,8,44,7.955,1,20260830,350,4.027
esn-mid (leak 0.3),B-drive,2,16,152,2.303,1,20260830,350,6.721
esn-mid (leak 0.3),B-drive,2,32,560,0.625,0,20260830,350,14.809
esn-mid (leak 0.3),A-readout,4,2,5,70.0,1,20260830,350,0.394
esn-mid (leak 0.3),A-readout,4,4,14,25.0,1,20260830,350,0.653
esn-mid (leak 0.3),A-readout,4,8,44,7.955,1,20260830,350,1.37
esn-mid (leak 0.3),A-readout,4,16,152,2.303,1,20260830,350,3.532
esn-mid (leak 0.3),A-readout,4,32,560,0.625,0,20260830,350,9.895
esn-mid (leak 0.3),B-drive,4,2,5,70.0,1,20260830,350,1.785
esn-mid (leak 0.3),B-drive,4,4,14,25.0,1,20260830,350,3.066
esn-mid (leak 0.3),B-drive,4,8,44,7.955,1,20260830,350,4.958
esn-mid (leak 0.3),B-drive,4,16,152,2.303,1,20260830,350,7.633
esn-mid (leak 0.3),B-drive,4,32,560,0.625,0,20260830,350,15.637
esn-mid (leak 0.3),A-readout,8,2,5,70.0,1,20260830,350,0.406
esn-mid (leak 0.3),A-readout,8,4,14,25.0,1,20260830,350,0.678
esn-mid (leak 0.3),A-readout,8,8,44,7.955,1,20260830,350,1.164
esn-mid (leak 0.3),A-readout,8,16,152,2.303,1,20260830,350,2.568
esn-mid (leak 0.3),A-readout,8,32,560,0.625,0,20260830,350,9.822
esn-mid (leak 0.3),B-drive,8,2,5,70.0,1,20260830,350,1.884
esn-mid (leak 0.3),B-drive,8,4,14,25.0,1,20260830,350,3.14
esn-mid (leak 0.3),B-drive,8,8,44,7.955,1,20260830,350,4.315
esn-mid (leak 0.3),B-drive,8,16,152,2.303,1,20260830,350,6.201
esn-mid (leak 0.3),B-drive,8,32,560,0.625,0,20260830,350,13.509
esn-slow (leak 0.1),A-readout,1,2,5,70.0,1,20260830,350,0.476
esn-slow (leak 0.1),A-readout,1,4,14,25.0,1,20260830,350,0.736
esn-slow (leak 0.1),A-readout,1,8,44,7.955,1,20260830,350,1.461
esn-slow (leak 0.1),A-readout,1,16,152,2.303,1,20260830,350,3.974
esn-slow (leak 0.1),A-readout,1,32,560,0.625,0,20260830,350,11.723
esn-slow (leak 0.1),B-drive,1,2,5,70.0,1,20260830,350,0.476
esn-slow (leak 0.1),B-drive,1,4,14,25.0,1,20260830,350,0.736
esn-slow (leak 0.1),B-drive,1,8,44,7.955,1,20260830,350,1.461
esn-slow (leak 0.1),B-drive,1,16,152,2.303,1,20260830,350,3.974
esn-slow (leak 0.1),B-drive,1,32,560,0.625,0,20260830,350,11.723
esn-slow (leak 0.1),A-readout,2,2,5,70.0,1,20260830,350,0.479
esn-slow (leak 0.1),A-readout,2,4,14,25.0,1,20260830,350,0.911
esn-slow (leak 0.1),A-readout,2,8,44,7.955,1,20260830,350,1.956
esn-slow (leak 0.1),A-readout,2,16,152,2.303,1,20260830,350,4.144
esn-slow (leak 0.1),A-readout,2,32,560,0.625,0,20260830,350,11.662
esn-slow (leak 0.1),B-drive,2,2,5,70.0,1,20260830,350,0.571
esn-slow (leak 0.1),B-drive,2,4,14,25.0,1,20260830,350,1.062
esn-slow (leak 0.1),B-drive,2,8,44,7.955,1,20260830,350,1.923
esn-slow (leak 0.1),B-drive,2,16,152,2.303,1,20260830,350,4.373
esn-slow (leak 0.1),B-drive,2,32,560,0.625,0,20260830,350,12.649
esn-slow (leak 0.1),A-readout,4,2,5,70.0,1,20260830,350,0.18
esn-slow (leak 0.1),A-readout,4,4,14,25.0,1,20260830,350,0.435
esn-slow (leak 0.1),A-readout,4,8,44,7.955,1,20260830,350,1.229
esn-slow (leak 0.1),A-readout,4,16,152,2.303,1,20260830,350,3.783
esn-slow (leak 0.1),A-readout,4,32,560,0.625,0,20260830,350,10.673
esn-slow (leak 0.1),B-drive,4,2,5,70.0,1,20260830,350,0.928
esn-slow (leak 0.1),B-drive,4,4,14,25.0,1,20260830,350,1.62
esn-slow (leak 0.1),B-drive,4,8,44,7.955,1,20260830,350,2.783
esn-slow (leak 0.1),B-drive,4,16,152,2.303,1,20260830,350,5.3
esn-slow (leak 0.1),B-drive,4,32,560,0.625,0,20260830,350,13.622
esn-slow (leak 0.1),A-readout,8,2,5,70.0,1,20260830,350,0.294
esn-slow (leak 0.1),A-readout,8,4,14,25.0,1,20260830,350,0.581
esn-slow (leak 0.1),A-readout,8,8,44,7.955,1,20260830,350,1.105
esn-slow (leak 0.1),A-readout,8,16,152,2.303,1,20260830,350,2.399
esn-slow (leak 0.1),A-readout,8,32,560,0.625,0,20260830,350,9.279
esn-slow (leak 0.1),B-drive,8,2,5,70.0,1,20260830,350,1.386
esn-slow (leak 0.1),B-drive,8,4,14,25.0,1,20260830,350,2.375
esn-slow (leak 0.1),B-drive,8,8,44,7.955,1,20260830,350,3.929
esn-slow (leak 0.1),B-drive,8,16,152,2.303,1,20260830,350,6.41
esn-slow (leak 0.1),B-drive,8,32,560,0.625,0,20260830,350,14.602
esn-fast (leak 1.0),A-readout,1,2,5,70.0,1,20260831,350,2.093
esn-fast (leak 1.0),A-readout,1,4,14,25.0,1,20260831,350,4.205
esn-fast (leak 1.0),A-readout,1,8,44,7.955,1,20260831,350,7.891
esn-fast (leak 1.0),A-readout,1,16,152,2.303,1,20260831,350,10.799
esn-fast (leak 1.0),A-readout,1,32,560,0.625,0,20260831,350,17.833
esn-fast (leak 1.0),B-drive,1,2,5,70.0,1,20260831,350,2.093
esn-fast (leak 1.0),B-drive,1,4,14,25.0,1,20260831,350,4.205
esn-fast (leak 1.0),B-drive,1,8,44,7.955,1,20260831,350,7.891
esn-fast (leak 1.0),B-drive,1,16,152,2.303,1,20260831,350,10.799
esn-fast (leak 1.0),B-drive,1,32,560,0.625,0,20260831,350,17.833
esn-fast (leak 1.0),A-readout,2,2,5,70.0,1,20260831,350,2.004
esn-fast (leak 1.0),A-readout,2,4,14,25.0,1,20260831,350,3.789
esn-fast (leak 1.0),A-readout,2,8,44,7.955,1,20260831,350,4.631
esn-fast (leak 1.0),A-readout,2,16,152,2.303,1,20260831,350,6.301
esn-fast (leak 1.0),A-readout,2,32,560,0.625,0,20260831,350,13.929
esn-fast (leak 1.0),B-drive,2,2,5,70.0,1,20260831,350,2.23
esn-fast (leak 1.0),B-drive,2,4,14,25.0,1,20260831,350,4.194
esn-fast (leak 1.0),B-drive,2,8,44,7.955,1,20260831,350,5.895
esn-fast (leak 1.0),B-drive,2,16,152,2.303,1,20260831,350,7.344
esn-fast (leak 1.0),B-drive,2,32,560,0.625,0,20260831,350,14.09
esn-fast (leak 1.0),A-readout,4,2,5,70.0,1,20260831,350,1.789
esn-fast (leak 1.0),A-readout,4,4,14,25.0,1,20260831,350,2.284
esn-fast (leak 1.0),A-readout,4,8,44,7.955,1,20260831,350,2.739
esn-fast (leak 1.0),A-readout,4,16,152,2.303,1,20260831,350,4.674
esn-fast (leak 1.0),A-readout,4,32,560,0.625,0,20260831,350,11.823
esn-fast (leak 1.0),B-drive,4,2,5,70.0,1,20260831,350,1.907
esn-fast (leak 1.0),B-drive,4,4,14,25.0,1,20260831,350,2.802
esn-fast (leak 1.0),B-drive,4,8,44,7.955,1,20260831,350,3.177
esn-fast (leak 1.0),B-drive,4,16,152,2.303,1,20260831,350,4.927
esn-fast (leak 1.0),B-drive,4,32,560,0.625,0,20260831,350,11.922
esn-fast (leak 1.0),A-readout,8,2,5,70.0,1,20260831,350,0.871
esn-fast (leak 1.0),A-readout,8,4,14,25.0,1,20260831,350,0.912
esn-fast (leak 1.0),A-readout,8,8,44,7.955,1,20260831,350,1.513
esn-fast (leak 1.0),A-readout,8,16,152,2.303,1,20260831,350,3.638
esn-fast (leak 1.0),A-readout,8,32,560,0.625,0,20260831,350,9.381
esn-fast (leak 1.0),B-drive,8,2,5,70.0,1,20260831,350,1.14
esn-fast (leak 1.0),B-drive,8,4,14,25.0,1,20260831,350,1.261
esn-fast (leak 1.0),B-drive,8,8,44,7.955,1,20260831,350,1.671
esn-fast (leak 1.0),B-drive,8,16,152,2.303,1,20260831,350,3.269
esn-fast (leak 1.0),B-drive,8,32,560,0.625,0,20260831,350,10.71
esn-mid (leak 0.3),A-readout,1,2,5,70.0,1,20260831,350,0.763
esn-mid (leak 0.3),A-readout,1,4,14,25.0,1,20260831,350,1.577
esn-mid (leak 0.3),A-readout,1,8,44,7.955,1,20260831,350,2.916
esn-mid (leak 0.3),A-readout,1,16,152,2.303,1,20260831,350,6.066
esn-mid (leak 0.3),A-readout,1,32,560,0.625,0,20260831,350,13.302
esn-mid (leak 0.3),B-drive,1,2,5,70.0,1,20260831,350,0.763
esn-mid (leak 0.3),B-drive,1,4,14,25.0,1,20260831,350,1.577
esn-mid (leak 0.3),B-drive,1,8,44,7.955,1,20260831,350,2.916
esn-mid (leak 0.3),B-drive,1,16,152,2.303,1,20260831,350,6.066
esn-mid (leak 0.3),B-drive,1,32,560,0.625,0,20260831,350,13.302
esn-mid (leak 0.3),A-readout,2,2,5,70.0,1,20260831,350,0.806
esn-mid (leak 0.3),A-readout,2,4,14,25.0,1,20260831,350,1.341
esn-mid (leak 0.3),A-readout,2,8,44,7.955,1,20260831,350,1.981
esn-mid (leak 0.3),A-readout,2,16,152,2.303,1,20260831,350,4.206
esn-mid (leak 0.3),A-readout,2,32,560,0.625,0,20260831,350,12.697
esn-mid (leak 0.3),B-drive,2,2,5,70.0,1,20260831,350,1.222
esn-mid (leak 0.3),B-drive,2,4,14,25.0,1,20260831,350,1.992
esn-mid (leak 0.3),B-drive,2,8,44,7.955,1,20260831,350,3.491
esn-mid (leak 0.3),B-drive,2,16,152,2.303,1,20260831,350,6.382
esn-mid (leak 0.3),B-drive,2,32,560,0.625,0,20260831,350,13.307
esn-mid (leak 0.3),A-readout,4,2,5,70.0,1,20260831,350,0.208
esn-mid (leak 0.3),A-readout,4,4,14,25.0,1,20260831,350,0.414
esn-mid (leak 0.3),A-readout,4,8,44,7.955,1,20260831,350,1.17
esn-mid (leak 0.3),A-readout,4,16,152,2.303,1,20260831,350,2.907
esn-mid (leak 0.3),A-readout,4,32,560,0.625,0,20260831,350,9.534
esn-mid (leak 0.3),B-drive,4,2,5,70.0,1,20260831,350,1.789
esn-mid (leak 0.3),B-drive,4,4,14,25.0,1,20260831,350,2.7
esn-mid (leak 0.3),B-drive,4,8,44,7.955,1,20260831,350,4.326
esn-mid (leak 0.3),B-drive,4,16,152,2.303,1,20260831,350,6.3
esn-mid (leak 0.3),B-drive,4,32,560,0.625,0,20260831,350,12.338
esn-mid (leak 0.3),A-readout,8,2,5,70.0,1,20260831,350,0.333
esn-mid (leak 0.3),A-readout,8,4,14,25.0,1,20260831,350,0.523
esn-mid (leak 0.3),A-readout,8,8,44,7.955,1,20260831,350,1.05
esn-mid (leak 0.3),A-readout,8,16,152,2.303,1,20260831,350,2.985
esn-mid (leak 0.3),A-readout,8,32,560,0.625,0,20260831,350,9.161
esn-mid (leak 0.3),B-drive,8,2,5,70.0,1,20260831,350,1.966
esn-mid (leak 0.3),B-drive,8,4,14,25.0,1,20260831,350,2.919
esn-mid (leak 0.3),B-drive,8,8,44,7.955,1,20260831,350,3.633
esn-mid (leak 0.3),B-drive,8,16,152,2.303,1,20260831,350,5.006
esn-mid (leak 0.3),B-drive,8,32,560,0.625,0,20260831,350,11.351
esn-slow (leak 0.1),A-readout,1,2,5,70.0,1,20260831,350,0.553
esn-slow (leak 0.1),A-readout,1,4,14,25.0,1,20260831,350,0.94
esn-slow (leak 0.1),A-readout,1,8,44,7.955,1,20260831,350,1.681
esn-slow (leak 0.1),A-readout,1,16,152,2.303,1,20260831,350,4.056
esn-slow (leak 0.1),A-readout,1,32,560,0.625,0,20260831,350,13.364
esn-slow (leak 0.1),B-drive,1,2,5,70.0,1,20260831,350,0.553
esn-slow (leak 0.1),B-drive,1,4,14,25.0,1,20260831,350,0.94
esn-slow (leak 0.1),B-drive,1,8,44,7.955,1,20260831,350,1.681
esn-slow (leak 0.1),B-drive,1,16,152,2.303,1,20260831,350,4.056
esn-slow (leak 0.1),B-drive,1,32,560,0.625,0,20260831,350,13.364
esn-slow (leak 0.1),A-readout,2,2,5,70.0,1,20260831,350,0.288
esn-slow (leak 0.1),A-readout,2,4,14,25.0,1,20260831,350,0.465
esn-slow (leak 0.1),A-readout,2,8,44,7.955,1,20260831,350,0.82
esn-slow (leak 0.1),A-readout,2,16,152,2.303,1,20260831,350,2.243
esn-slow (leak 0.1),A-readout,2,32,560,0.625,0,20260831,350,10.047
esn-slow (leak 0.1),B-drive,2,2,5,70.0,1,20260831,350,0.575
esn-slow (leak 0.1),B-drive,2,4,14,25.0,1,20260831,350,1.163
esn-slow (leak 0.1),B-drive,2,8,44,7.955,1,20260831,350,2.187
esn-slow (leak 0.1),B-drive,2,16,152,2.303,1,20260831,350,4.7
esn-slow (leak 0.1),B-drive,2,32,560,0.625,0,20260831,350,12.851
esn-slow (leak 0.1),A-readout,4,2,5,70.0,1,20260831,350,0.111
esn-slow (leak 0.1),A-readout,4,4,14,25.0,1,20260831,350,0.267
esn-slow (leak 0.1),A-readout,4,8,44,7.955,1,20260831,350,1.098
esn-slow (leak 0.1),A-readout,4,16,152,2.303,1,20260831,350,2.856
esn-slow (leak 0.1),A-readout,4,32,560,0.625,0,20260831,350,9.583
esn-slow (leak 0.1),B-drive,4,2,5,70.0,1,20260831,350,0.776
esn-slow (leak 0.1),B-drive,4,4,14,25.0,1,20260831,350,1.587
esn-slow (leak 0.1),B-drive,4,8,44,7.955,1,20260831,350,2.902
esn-slow (leak 0.1),B-drive,4,16,152,2.303,1,20260831,350,5.8
esn-slow (leak 0.1),B-drive,4,32,560,0.625,0,20260831,350,12.942
esn-slow (leak 0.1),A-readout,8,2,5,70.0,1,20260831,350,0.19
esn-slow (leak 0.1),A-readout,8,4,14,25.0,1,20260831,350,0.379
esn-slow (leak 0.1),A-readout,8,8,44,7.955,1,20260831,350,0.971
esn-slow (leak 0.1),A-readout,8,16,152,2.303,1,20260831,350,2.703
esn-slow (leak 0.1),A-readout,8,32,560,0.625,0,20260831,350,9.886
esn-slow (leak 0.1),B-drive,8,2,5,70.0,1,20260831,350,1.292
esn-slow (leak 0.1),B-drive,8,4,14,25.0,1,20260831,350,2.069
esn-slow (leak 0.1),B-drive,8,8,44,7.955,1,20260831,350,3.528
esn-slow (leak 0.1),B-drive,8,16,152,2.303,1,20260831,350,5.929
esn-slow (leak 0.1),B-drive,8,32,560,0.625,0,20260831,350,12.542
esn-fast (leak 1.0),A-readout,1,2,5,70.0,1,20260832,350,2.08
esn-fast (leak 1.0),A-readout,1,4,14,25.0,1,20260832,350,4.124
esn-fast (leak 1.0),A-readout,1,8,44,7.955,1,20260832,350,8.253
esn-fast (leak 1.0),A-readout,1,16,152,2.303,1,20260832,350,12.133
esn-fast (leak 1.0),A-readout,1,32,560,0.625,0,20260832,350,19.248
esn-fast (leak 1.0),B-drive,1,2,5,70.0,1,20260832,350,2.08
esn-fast (leak 1.0),B-drive,1,4,14,25.0,1,20260832,350,4.124
esn-fast (leak 1.0),B-drive,1,8,44,7.955,1,20260832,350,8.253
esn-fast (leak 1.0),B-drive,1,16,152,2.303,1,20260832,350,12.133
esn-fast (leak 1.0),B-drive,1,32,560,0.625,0,20260832,350,19.248
esn-fast (leak 1.0),A-readout,2,2,5,70.0,1,20260832,350,1.981
esn-fast (leak 1.0),A-readout,2,4,14,25.0,1,20260832,350,3.826
esn-fast (leak 1.0),A-readout,2,8,44,7.955,1,20260832,350,5.194
esn-fast (leak 1.0),A-readout,2,16,152,2.303,1,20260832,350,6.396
esn-fast (leak 1.0),A-readout,2,32,560,0.625,0,20260832,350,12.759
esn-fast (leak 1.0),B-drive,2,2,5,70.0,1,20260832,350,1.966
esn-fast (leak 1.0),B-drive,2,4,14,25.0,1,20260832,350,3.832
esn-fast (leak 1.0),B-drive,2,8,44,7.955,1,20260832,350,6.586
esn-fast (leak 1.0),B-drive,2,16,152,2.303,1,20260832,350,8.14
esn-fast (leak 1.0),B-drive,2,32,560,0.625,0,20260832,350,15.58
esn-fast (leak 1.0),A-readout,4,2,5,70.0,1,20260832,350,1.814
esn-fast (leak 1.0),A-readout,4,4,14,25.0,1,20260832,350,2.565
esn-fast (leak 1.0),A-readout,4,8,44,7.955,1,20260832,350,3.086
esn-fast (leak 1.0),A-readout,4,16,152,2.303,1,20260832,350,4.723
esn-fast (leak 1.0),A-readout,4,32,560,0.625,0,20260832,350,11.538
esn-fast (leak 1.0),B-drive,4,2,5,70.0,1,20260832,350,1.885
esn-fast (leak 1.0),B-drive,4,4,14,25.0,1,20260832,350,3.196
esn-fast (leak 1.0),B-drive,4,8,44,7.955,1,20260832,350,3.884
esn-fast (leak 1.0),B-drive,4,16,152,2.303,1,20260832,350,5.655
esn-fast (leak 1.0),B-drive,4,32,560,0.625,0,20260832,350,12.639
esn-fast (leak 1.0),A-readout,8,2,5,70.0,1,20260832,350,0.848
esn-fast (leak 1.0),A-readout,8,4,14,25.0,1,20260832,350,0.936
esn-fast (leak 1.0),A-readout,8,8,44,7.955,1,20260832,350,1.481
esn-fast (leak 1.0),A-readout,8,16,152,2.303,1,20260832,350,2.858
esn-fast (leak 1.0),A-readout,8,32,560,0.625,0,20260832,350,9.744
esn-fast (leak 1.0),B-drive,8,2,5,70.0,1,20260832,350,1.533
esn-fast (leak 1.0),B-drive,8,4,14,25.0,1,20260832,350,1.771
esn-fast (leak 1.0),B-drive,8,8,44,7.955,1,20260832,350,2.189
esn-fast (leak 1.0),B-drive,8,16,152,2.303,1,20260832,350,3.899
esn-fast (leak 1.0),B-drive,8,32,560,0.625,0,20260832,350,10.356
esn-mid (leak 0.3),A-readout,1,2,5,70.0,1,20260832,350,1.142
esn-mid (leak 0.3),A-readout,1,4,14,25.0,1,20260832,350,1.988
esn-mid (leak 0.3),A-readout,1,8,44,7.955,1,20260832,350,3.544
esn-mid (leak 0.3),A-readout,1,16,152,2.303,1,20260832,350,6.299
esn-mid (leak 0.3),A-readout,1,32,560,0.625,0,20260832,350,15.994
esn-mid (leak 0.3),B-drive,1,2,5,70.0,1,20260832,350,1.142
esn-mid (leak 0.3),B-drive,1,4,14,25.0,1,20260832,350,1.988
esn-mid (leak 0.3),B-drive,1,8,44,7.955,1,20260832,350,3.544
esn-mid (leak 0.3),B-drive,1,16,152,2.303,1,20260832,350,6.299
esn-mid (leak 0.3),B-drive,1,32,560,0.625,0,20260832,350,15.994
esn-mid (leak 0.3),A-readout,2,2,5,70.0,1,20260832,350,0.727
esn-mid (leak 0.3),A-readout,2,4,14,25.0,1,20260832,350,1.123
esn-mid (leak 0.3),A-readout,2,8,44,7.955,1,20260832,350,1.748
esn-mid (leak 0.3),A-readout,2,16,152,2.303,1,20260832,350,3.208
esn-mid (leak 0.3),A-readout,2,32,560,0.625,0,20260832,350,9.951
esn-mid (leak 0.3),B-drive,2,2,5,70.0,1,20260832,350,1.54
esn-mid (leak 0.3),B-drive,2,4,14,25.0,1,20260832,350,2.655
esn-mid (leak 0.3),B-drive,2,8,44,7.955,1,20260832,350,4.453
esn-mid (leak 0.3),B-drive,2,16,152,2.303,1,20260832,350,7.497
esn-mid (leak 0.3),B-drive,2,32,560,0.625,0,20260832,350,15.957
esn-mid (leak 0.3),A-readout,4,2,5,70.0,1,20260832,350,0.421
esn-mid (leak 0.3),A-readout,4,4,14,25.0,1,20260832,350,0.773
esn-mid (leak 0.3),A-readout,4,8,44,7.955,1,20260832,350,1.128
esn-mid (leak 0.3),A-readout,4,16,152,2.303,1,20260832,350,2.832
esn-mid (leak 0.3),A-readout,4,32,560,0.625,0,20260832,350,9.254
esn-mid (leak 0.3),B-drive,4,2,5,70.0,1,20260832,350,1.891
esn-mid (leak 0.3),B-drive,4,4,14,25.0,1,20260832,350,3.141
esn-mid (leak 0.3),B-drive,4,8,44,7.955,1,20260832,350,5.076
esn-mid (leak 0.3),B-drive,4,16,152,2.303,1,20260832,350,7.147
esn-mid (leak 0.3),B-drive,4,32,560,0.625,0,20260832,350,14.802
esn-mid (leak 0.3),A-readout,8,2,5,70.0,1,20260832,350,0.274
esn-mid (leak 0.3),A-readout,8,4,14,25.0,1,20260832,350,0.489
esn-mid (leak 0.3),A-readout,8,8,44,7.955,1,20260832,350,0.861
esn-mid (leak 0.3),A-readout,8,16,152,2.303,1,20260832,350,2.592
esn-mid (leak 0.3),A-readout,8,32,560,0.625,0,20260832,350,9.184
esn-mid (leak 0.3),B-drive,8,2,5,70.0,1,20260832,350,1.869
esn-mid (leak 0.3),B-drive,8,4,14,25.0,1,20260832,350,3.122
esn-mid (leak 0.3),B-drive,8,8,44,7.955,1,20260832,350,4.472
esn-mid (leak 0.3),B-drive,8,16,152,2.303,1,20260832,350,5.84
esn-mid (leak 0.3),B-drive,8,32,560,0.625,0,20260832,350,13.228
esn-slow (leak 0.1),A-readout,1,2,5,70.0,1,20260832,350,0.708
esn-slow (leak 0.1),A-readout,1,4,14,25.0,1,20260832,350,1.214
esn-slow (leak 0.1),A-readout,1,8,44,7.955,1,20260832,350,2.251
esn-slow (leak 0.1),A-readout,1,16,152,2.303,1,20260832,350,3.844
esn-slow (leak 0.1),A-readout,1,32,560,0.625,0,20260832,350,12.063
esn-slow (leak 0.1),B-drive,1,2,5,70.0,1,20260832,350,0.708
esn-slow (leak 0.1),B-drive,1,4,14,25.0,1,20260832,350,1.214
esn-slow (leak 0.1),B-drive,1,8,44,7.955,1,20260832,350,2.251
esn-slow (leak 0.1),B-drive,1,16,152,2.303,1,20260832,350,3.844
esn-slow (leak 0.1),B-drive,1,32,560,0.625,0,20260832,350,12.063
esn-slow (leak 0.1),A-readout,2,2,5,70.0,1,20260832,350,0.254
esn-slow (leak 0.1),A-readout,2,4,14,25.0,1,20260832,350,0.427
esn-slow (leak 0.1),A-readout,2,8,44,7.955,1,20260832,350,1.11
esn-slow (leak 0.1),A-readout,2,16,152,2.303,1,20260832,350,2.634
esn-slow (leak 0.1),A-readout,2,32,560,0.625,0,20260832,350,8.973
esn-slow (leak 0.1),B-drive,2,2,5,70.0,1,20260832,350,0.798
esn-slow (leak 0.1),B-drive,2,4,14,25.0,1,20260832,350,1.5
esn-slow (leak 0.1),B-drive,2,8,44,7.955,1,20260832,350,2.775
esn-slow (leak 0.1),B-drive,2,16,152,2.303,1,20260832,350,4.993
esn-slow (leak 0.1),B-drive,2,32,560,0.625,0,20260832,350,14.556
esn-slow (leak 0.1),A-readout,4,2,5,70.0,1,20260832,350,0.22
esn-slow (leak 0.1),A-readout,4,4,14,25.0,1,20260832,350,0.428
esn-slow (leak 0.1),A-readout,4,8,44,7.955,1,20260832,350,1.08
esn-slow (leak 0.1),A-readout,4,16,152,2.303,1,20260832,350,4.506
esn-slow (leak 0.1),A-readout,4,32,560,0.625,0,20260832,350,12.018
esn-slow (leak 0.1),B-drive,4,2,5,70.0,1,20260832,350,1.17
esn-slow (leak 0.1),B-drive,4,4,14,25.0,1,20260832,350,2.032
esn-slow (leak 0.1),B-drive,4,8,44,7.955,1,20260832,350,3.579
esn-slow (leak 0.1),B-drive,4,16,152,2.303,1,20260832,350,6.215
esn-slow (leak 0.1),B-drive,4,32,560,0.625,0,20260832,350,16.009
esn-slow (leak 0.1),A-readout,8,2,5,70.0,1,20260832,350,0.171
esn-slow (leak 0.1),A-readout,8,4,14,25.0,1,20260832,350,0.343
esn-slow (leak 0.1),A-readout,8,8,44,7.955,1,20260832,350,0.716
esn-slow (leak 0.1),A-readout,8,16,152,2.303,1,20260832,350,2.374
esn-slow (leak 0.1),A-readout,8,32,560,0.625,0,20260832,350,7.857
esn-slow (leak 0.1),B-drive,8,2,5,70.0,1,20260832,350,1.544
esn-slow (leak 0.1),B-drive,8,4,14,25.0,1,20260832,350,2.635
esn-slow (leak 0.1),B-drive,8,8,44,7.955,1,20260832,350,4.353
esn-slow (leak 0.1),B-drive,8,16,152,2.303,1,20260832,350,6.887
esn-slow (leak 0.1),B-drive,8,32,560,0.625,0,20260832,350,14.557
esn-fast (leak 1.0),A-readout,1,2,5,70.0,1,20260833,350,2.117
esn-fast (leak 1.0),A-readout,1,4,14,25.0,1,20260833,350,4.148
esn-fast (leak 1.0),A-readout,1,8,44,7.955,1,20260833,350,7.758
esn-fast (leak 1.0),A-readout,1,16,152,2.303,1,20260833,350,10.226
esn-fast (leak 1.0),A-readout,1,32,560,0.625,0,20260833,350,16.516
esn-fast (leak 1.0),B-drive,1,2,5,70.0,1,20260833,350,2.117
esn-fast (leak 1.0),B-drive,1,4,14,25.0,1,20260833,350,4.148
esn-fast (leak 1.0),B-drive,1,8,44,7.955,1,20260833,350,7.758
esn-fast (leak 1.0),B-drive,1,16,152,2.303,1,20260833,350,10.226
esn-fast (leak 1.0),B-drive,1,32,560,0.625,0,20260833,350,16.516
esn-fast (leak 1.0),A-readout,2,2,5,70.0,1,20260833,350,1.964
esn-fast (leak 1.0),A-readout,2,4,14,25.0,1,20260833,350,3.248
esn-fast (leak 1.0),A-readout,2,8,44,7.955,1,20260833,350,3.827
esn-fast (leak 1.0),A-readout,2,16,152,2.303,1,20260833,350,5.629
esn-fast (leak 1.0),A-readout,2,32,560,0.625,0,20260833,350,12.982
esn-fast (leak 1.0),B-drive,2,2,5,70.0,1,20260833,350,2.119
esn-fast (leak 1.0),B-drive,2,4,14,25.0,1,20260833,350,3.909
esn-fast (leak 1.0),B-drive,2,8,44,7.955,1,20260833,350,5.295
esn-fast (leak 1.0),B-drive,2,16,152,2.303,1,20260833,350,6.297
esn-fast (leak 1.0),B-drive,2,32,560,0.625,0,20260833,350,12.611
esn-fast (leak 1.0),A-readout,4,2,5,70.0,1,20260833,350,1.457
esn-fast (leak 1.0),A-readout,4,4,14,25.0,1,20260833,350,1.635
esn-fast (leak 1.0),A-readout,4,8,44,7.955,1,20260833,350,2.054
esn-fast (leak 1.0),A-readout,4,16,152,2.303,1,20260833,350,3.203
esn-fast (leak 1.0),A-readout,4,32,560,0.625,0,20260833,350,9.824
esn-fast (leak 1.0),B-drive,4,2,5,70.0,1,20260833,350,1.787
esn-fast (leak 1.0),B-drive,4,4,14,25.0,1,20260833,350,2.566
esn-fast (leak 1.0),B-drive,4,8,44,7.955,1,20260833,350,3.118
esn-fast (leak 1.0),B-drive,4,16,152,2.303,1,20260833,350,4.379
esn-fast (leak 1.0),B-drive,4,32,560,0.625,0,20260833,350,10.744
esn-fast (leak 1.0),A-readout,8,2,5,70.0,1,20260833,350,0.661
esn-fast (leak 1.0),A-readout,8,4,14,25.0,1,20260833,350,0.765
esn-fast (leak 1.0),A-readout,8,8,44,7.955,1,20260833,350,1.21
esn-fast (leak 1.0),A-readout,8,16,152,2.303,1,20260833,350,2.461
esn-fast (leak 1.0),A-readout,8,32,560,0.625,0,20260833,350,8.677
esn-fast (leak 1.0),B-drive,8,2,5,70.0,1,20260833,350,1.173
esn-fast (leak 1.0),B-drive,8,4,14,25.0,1,20260833,350,1.277
esn-fast (leak 1.0),B-drive,8,8,44,7.955,1,20260833,350,1.771
esn-fast (leak 1.0),B-drive,8,16,152,2.303,1,20260833,350,3.587
esn-fast (leak 1.0),B-drive,8,32,560,0.625,0,20260833,350,10.088
esn-mid (leak 0.3),A-readout,1,2,5,70.0,1,20260833,350,0.611
esn-mid (leak 0.3),A-readout,1,4,14,25.0,1,20260833,350,1.071
esn-mid (leak 0.3),A-readout,1,8,44,7.955,1,20260833,350,1.972
esn-mid (leak 0.3),A-readout,1,16,152,2.303,1,20260833,350,4.577
esn-mid (leak 0.3),A-readout,1,32,560,0.625,0,20260833,350,13.48
esn-mid (leak 0.3),B-drive,1,2,5,70.0,1,20260833,350,0.611
esn-mid (leak 0.3),B-drive,1,4,14,25.0,1,20260833,350,1.071
esn-mid (leak 0.3),B-drive,1,8,44,7.955,1,20260833,350,1.972
esn-mid (leak 0.3),B-drive,1,16,152,2.303,1,20260833,350,4.577
esn-mid (leak 0.3),B-drive,1,32,560,0.625,0,20260833,350,13.48
esn-mid (leak 0.3),A-readout,2,2,5,70.0,1,20260833,350,0.982
esn-mid (leak 0.3),A-readout,2,4,14,25.0,1,20260833,350,1.718
esn-mid (leak 0.3),A-readout,2,8,44,7.955,1,20260833,350,2.776
esn-mid (leak 0.3),A-readout,2,16,152,2.303,1,20260833,350,4.8
esn-mid (leak 0.3),A-readout,2,32,560,0.625,0,20260833,350,12.439
esn-mid (leak 0.3),B-drive,2,2,5,70.0,1,20260833,350,1.094
esn-mid (leak 0.3),B-drive,2,4,14,25.0,1,20260833,350,1.683
esn-mid (leak 0.3),B-drive,2,8,44,7.955,1,20260833,350,2.558
esn-mid (leak 0.3),B-drive,2,16,152,2.303,1,20260833,350,4.505
esn-mid (leak 0.3),B-drive,2,32,560,0.625,0,20260833,350,11.271
esn-mid (leak 0.3),A-readout,4,2,5,70.0,1,20260833,350,0.357
esn-mid (leak 0.3),A-readout,4,4,14,25.0,1,20260833,350,0.657
esn-mid (leak 0.3),A-readout,4,8,44,7.955,1,20260833,350,1.081
esn-mid (leak 0.3),A-readout,4,16,152,2.303,1,20260833,350,3.017
esn-mid (leak 0.3),A-readout,4,32,560,0.625,0,20260833,350,9.454
esn-mid (leak 0.3),B-drive,4,2,5,70.0,1,20260833,350,1.647
esn-mid (leak 0.3),B-drive,4,4,14,25.0,1,20260833,350,2.23
esn-mid (leak 0.3),B-drive,4,8,44,7.955,1,20260833,350,2.857
esn-mid (leak 0.3),B-drive,4,16,152,2.303,1,20260833,350,4.194
esn-mid (leak 0.3),B-drive,4,32,560,0.625,0,20260833,350,10.925
esn-mid (leak 0.3),A-readout,8,2,5,70.0,1,20260833,350,0.172
esn-mid (leak 0.3),A-readout,8,4,14,25.0,1,20260833,350,0.291
esn-mid (leak 0.3),A-readout,8,8,44,7.955,1,20260833,350,0.798
esn-mid (leak 0.3),A-readout,8,16,152,2.303,1,20260833,350,2.618
esn-mid (leak 0.3),A-readout,8,32,560,0.625,0,20260833,350,9.83
esn-mid (leak 0.3),B-drive,8,2,5,70.0,1,20260833,350,1.725
esn-mid (leak 0.3),B-drive,8,4,14,25.0,1,20260833,350,2.128
esn-mid (leak 0.3),B-drive,8,8,44,7.955,1,20260833,350,2.494
esn-mid (leak 0.3),B-drive,8,16,152,2.303,1,20260833,350,3.665
esn-mid (leak 0.3),B-drive,8,32,560,0.625,0,20260833,350,10.201
esn-slow (leak 0.1),A-readout,1,2,5,70.0,1,20260833,350,0.369
esn-slow (leak 0.1),A-readout,1,4,14,25.0,1,20260833,350,0.657
esn-slow (leak 0.1),A-readout,1,8,44,7.955,1,20260833,350,1.314
esn-slow (leak 0.1),A-readout,1,16,152,2.303,1,20260833,350,4.537
esn-slow (leak 0.1),A-readout,1,32,560,0.625,0,20260833,350,14.195
esn-slow (leak 0.1),B-drive,1,2,5,70.0,1,20260833,350,0.369
esn-slow (leak 0.1),B-drive,1,4,14,25.0,1,20260833,350,0.657
esn-slow (leak 0.1),B-drive,1,8,44,7.955,1,20260833,350,1.314
esn-slow (leak 0.1),B-drive,1,16,152,2.303,1,20260833,350,4.537
esn-slow (leak 0.1),B-drive,1,32,560,0.625,0,20260833,350,14.195
esn-slow (leak 0.1),A-readout,2,2,5,70.0,1,20260833,350,0.689
esn-slow (leak 0.1),A-readout,2,4,14,25.0,1,20260833,350,0.936
esn-slow (leak 0.1),A-readout,2,8,44,7.955,1,20260833,350,1.285
esn-slow (leak 0.1),A-readout,2,16,152,2.303,1,20260833,350,3.066
esn-slow (leak 0.1),A-readout,2,32,560,0.625,0,20260833,350,10.453
esn-slow (leak 0.1),B-drive,2,2,5,70.0,1,20260833,350,0.42
esn-slow (leak 0.1),B-drive,2,4,14,25.0,1,20260833,350,0.76
esn-slow (leak 0.1),B-drive,2,8,44,7.955,1,20260833,350,1.603
esn-slow (leak 0.1),B-drive,2,16,152,2.303,1,20260833,350,4.717
esn-slow (leak 0.1),B-drive,2,32,560,0.625,0,20260833,350,14.582
esn-slow (leak 0.1),A-readout,4,2,5,70.0,1,20260833,350,0.228
esn-slow (leak 0.1),A-readout,4,4,14,25.0,1,20260833,350,0.426
esn-slow (leak 0.1),A-readout,4,8,44,7.955,1,20260833,350,0.784
esn-slow (leak 0.1),A-readout,4,16,152,2.303,1,20260833,350,2.506
esn-slow (leak 0.1),A-readout,4,32,560,0.625,0,20260833,350,7.907
esn-slow (leak 0.1),B-drive,4,2,5,70.0,1,20260833,350,0.596
esn-slow (leak 0.1),B-drive,4,4,14,25.0,1,20260833,350,1.078
esn-slow (leak 0.1),B-drive,4,8,44,7.955,1,20260833,350,1.842
esn-slow (leak 0.1),B-drive,4,16,152,2.303,1,20260833,350,4.209
esn-slow (leak 0.1),B-drive,4,32,560,0.625,0,20260833,350,12.307
esn-slow (leak 0.1),A-readout,8,2,5,70.0,1,20260833,350,0.286
esn-slow (leak 0.1),A-readout,8,4,14,25.0,1,20260833,350,0.626
esn-slow (leak 0.1),A-readout,8,8,44,7.955,1,20260833,350,1.315
esn-slow (leak 0.1),A-readout,8,16,152,2.303,1,20260833,350,3.218
esn-slow (leak 0.1),A-readout,8,32,560,0.625,0,20260833,350,10.028
esn-slow (leak 0.1),B-drive,8,2,5,70.0,1,20260833,350,1.123
esn-slow (leak 0.1),B-drive,8,4,14,25.0,1,20260833,350,1.682
esn-slow (leak 0.1),B-drive,8,8,44,7.955,1,20260833,350,2.453
esn-slow (leak 0.1),B-drive,8,16,152,2.303,1,20260833,350,4.245
esn-slow (leak 0.1),B-drive,8,32,560,0.625,0,20260833,350,11.008
esn-fast (leak 1.0),A-readout,1,2,5,70.0,1,20260834,350,2.003
esn-fast (leak 1.0),A-readout,1,4,14,25.0,1,20260834,350,3.987
esn-fast (leak 1.0),A-readout,1,8,44,7.955,1,20260834,350,7.768
esn-fast (leak 1.0),A-readout,1,16,152,2.303,1,20260834,350,11.589
esn-fast (leak 1.0),A-readout,1,32,560,0.625,0,20260834,350,17.464
esn-fast (leak 1.0),B-drive,1,2,5,70.0,1,20260834,350,2.003
esn-fast (leak 1.0),B-drive,1,4,14,25.0,1,20260834,350,3.987
esn-fast (leak 1.0),B-drive,1,8,44,7.955,1,20260834,350,7.768
esn-fast (leak 1.0),B-drive,1,16,152,2.303,1,20260834,350,11.589
esn-fast (leak 1.0),B-drive,1,32,560,0.625,0,20260834,350,17.464
esn-fast (leak 1.0),A-readout,2,2,5,70.0,1,20260834,350,1.998
esn-fast (leak 1.0),A-readout,2,4,14,25.0,1,20260834,350,3.915
esn-fast (leak 1.0),A-readout,2,8,44,7.955,1,20260834,350,5.221
esn-fast (leak 1.0),A-readout,2,16,152,2.303,1,20260834,350,6.922
esn-fast (leak 1.0),A-readout,2,32,560,0.625,0,20260834,350,14.787
esn-fast (leak 1.0),B-drive,2,2,5,70.0,1,20260834,350,1.979
esn-fast (leak 1.0),B-drive,2,4,14,25.0,1,20260834,350,3.814
esn-fast (leak 1.0),B-drive,2,8,44,7.955,1,20260834,350,6.244
esn-fast (leak 1.0),B-drive,2,16,152,2.303,1,20260834,350,7.888
esn-fast (leak 1.0),B-drive,2,32,560,0.625,0,20260834,350,14.172
esn-fast (leak 1.0),A-readout,4,2,5,70.0,1,20260834,350,1.75
esn-fast (leak 1.0),A-readout,4,4,14,25.0,1,20260834,350,2.048
esn-fast (leak 1.0),A-readout,4,8,44,7.955,1,20260834,350,2.381
esn-fast (leak 1.0),A-readout,4,16,152,2.303,1,20260834,350,3.915
esn-fast (leak 1.0),A-readout,4,32,560,0.625,0,20260834,350,9.952
esn-fast (leak 1.0),B-drive,4,2,5,70.0,1,20260834,350,1.882
esn-fast (leak 1.0),B-drive,4,4,14,25.0,1,20260834,350,2.983
esn-fast (leak 1.0),B-drive,4,8,44,7.955,1,20260834,350,3.626
esn-fast (leak 1.0),B-drive,4,16,152,2.303,1,20260834,350,5.308
esn-fast (leak 1.0),B-drive,4,32,560,0.625,0,20260834,350,12.634
esn-fast (leak 1.0),A-readout,8,2,5,70.0,1,20260834,350,0.845
esn-fast (leak 1.0),A-readout,8,4,14,25.0,1,20260834,350,0.937
esn-fast (leak 1.0),A-readout,8,8,44,7.955,1,20260834,350,1.504
esn-fast (leak 1.0),A-readout,8,16,152,2.303,1,20260834,350,3.358
esn-fast (leak 1.0),A-readout,8,32,560,0.625,0,20260834,350,10.222
esn-fast (leak 1.0),B-drive,8,2,5,70.0,1,20260834,350,1.407
esn-fast (leak 1.0),B-drive,8,4,14,25.0,1,20260834,350,1.502
esn-fast (leak 1.0),B-drive,8,8,44,7.955,1,20260834,350,2.122
esn-fast (leak 1.0),B-drive,8,16,152,2.303,1,20260834,350,3.767
esn-fast (leak 1.0),B-drive,8,32,560,0.625,0,20260834,350,11.027
esn-mid (leak 0.3),A-readout,1,2,5,70.0,1,20260834,350,1.025
esn-mid (leak 0.3),A-readout,1,4,14,25.0,1,20260834,350,1.688
esn-mid (leak 0.3),A-readout,1,8,44,7.955,1,20260834,350,3.083
esn-mid (leak 0.3),A-readout,1,16,152,2.303,1,20260834,350,5.372
esn-mid (leak 0.3),A-readout,1,32,560,0.625,0,20260834,350,13.278
esn-mid (leak 0.3),B-drive,1,2,5,70.0,1,20260834,350,1.025
esn-mid (leak 0.3),B-drive,1,4,14,25.0,1,20260834,350,1.688
esn-mid (leak 0.3),B-drive,1,8,44,7.955,1,20260834,350,3.083
esn-mid (leak 0.3),B-drive,1,16,152,2.303,1,20260834,350,5.372
esn-mid (leak 0.3),B-drive,1,32,560,0.625,0,20260834,350,13.278
esn-mid (leak 0.3),A-readout,2,2,5,70.0,1,20260834,350,0.749
esn-mid (leak 0.3),A-readout,2,4,14,25.0,1,20260834,350,1.473
esn-mid (leak 0.3),A-readout,2,8,44,7.955,1,20260834,350,2.43
esn-mid (leak 0.3),A-readout,2,16,152,2.303,1,20260834,350,3.897
esn-mid (leak 0.3),A-readout,2,32,560,0.625,0,20260834,350,10.739
esn-mid (leak 0.3),B-drive,2,2,5,70.0,1,20260834,350,1.484
esn-mid (leak 0.3),B-drive,2,4,14,25.0,1,20260834,350,2.449
esn-mid (leak 0.3),B-drive,2,8,44,7.955,1,20260834,350,4.303
esn-mid (leak 0.3),B-drive,2,16,152,2.303,1,20260834,350,6.98
esn-mid (leak 0.3),B-drive,2,32,560,0.625,0,20260834,350,13.879
esn-mid (leak 0.3),A-readout,4,2,5,70.0,1,20260834,350,0.492
esn-mid (leak 0.3),A-readout,4,4,14,25.0,1,20260834,350,0.891
esn-mid (leak 0.3),A-readout,4,8,44,7.955,1,20260834,350,1.426
esn-mid (leak 0.3),A-readout,4,16,152,2.303,1,20260834,350,2.486
esn-mid (leak 0.3),A-readout,4,32,560,0.625,0,20260834,350,9.479
esn-mid (leak 0.3),B-drive,4,2,5,70.0,1,20260834,350,1.846
esn-mid (leak 0.3),B-drive,4,4,14,25.0,1,20260834,350,3.009
esn-mid (leak 0.3),B-drive,4,8,44,7.955,1,20260834,350,4.972
esn-mid (leak 0.3),B-drive,4,16,152,2.303,1,20260834,350,7.004
esn-mid (leak 0.3),B-drive,4,32,560,0.625,0,20260834,350,12.697
esn-mid (leak 0.3),A-readout,8,2,5,70.0,1,20260834,350,0.22
esn-mid (leak 0.3),A-readout,8,4,14,25.0,1,20260834,350,0.562
esn-mid (leak 0.3),A-readout,8,8,44,7.955,1,20260834,350,1.081
esn-mid (leak 0.3),A-readout,8,16,152,2.303,1,20260834,350,2.681
esn-mid (leak 0.3),A-readout,8,32,560,0.625,0,20260834,350,9.169
esn-mid (leak 0.3),B-drive,8,2,5,70.0,1,20260834,350,1.927
esn-mid (leak 0.3),B-drive,8,4,14,25.0,1,20260834,350,3.289
esn-mid (leak 0.3),B-drive,8,8,44,7.955,1,20260834,350,4.41
esn-mid (leak 0.3),B-drive,8,16,152,2.303,1,20260834,350,6.278
esn-mid (leak 0.3),B-drive,8,32,560,0.625,0,20260834,350,12.292
esn-slow (leak 0.1),A-readout,1,2,5,70.0,1,20260834,350,0.594
esn-slow (leak 0.1),A-readout,1,4,14,25.0,1,20260834,350,0.996
esn-slow (leak 0.1),A-readout,1,8,44,7.955,1,20260834,350,1.951
esn-slow (leak 0.1),A-readout,1,16,152,2.303,1,20260834,350,4.75
esn-slow (leak 0.1),A-readout,1,32,560,0.625,0,20260834,350,11.192
esn-slow (leak 0.1),B-drive,1,2,5,70.0,1,20260834,350,0.594
esn-slow (leak 0.1),B-drive,1,4,14,25.0,1,20260834,350,0.996
esn-slow (leak 0.1),B-drive,1,8,44,7.955,1,20260834,350,1.951
esn-slow (leak 0.1),B-drive,1,16,152,2.303,1,20260834,350,4.75
esn-slow (leak 0.1),B-drive,1,32,560,0.625,0,20260834,350,11.192
esn-slow (leak 0.1),A-readout,2,2,5,70.0,1,20260834,350,0.392
esn-slow (leak 0.1),A-readout,2,4,14,25.0,1,20260834,350,0.653
esn-slow (leak 0.1),A-readout,2,8,44,7.955,1,20260834,350,0.949
esn-slow (leak 0.1),A-readout,2,16,152,2.303,1,20260834,350,2.029
esn-slow (leak 0.1),A-readout,2,32,560,0.625,0,20260834,350,8.624
esn-slow (leak 0.1),B-drive,2,2,5,70.0,1,20260834,350,0.717
esn-slow (leak 0.1),B-drive,2,4,14,25.0,1,20260834,350,1.277
esn-slow (leak 0.1),B-drive,2,8,44,7.955,1,20260834,350,2.432
esn-slow (leak 0.1),B-drive,2,16,152,2.303,1,20260834,350,5.038
esn-slow (leak 0.1),B-drive,2,32,560,0.625,0,20260834,350,12.464
esn-slow (leak 0.1),A-readout,4,2,5,70.0,1,20260834,350,0.229
esn-slow (leak 0.1),A-readout,4,4,14,25.0,1,20260834,350,0.479
esn-slow (leak 0.1),A-readout,4,8,44,7.955,1,20260834,350,0.963
esn-slow (leak 0.1),A-readout,4,16,152,2.303,1,20260834,350,2.812
esn-slow (leak 0.1),A-readout,4,32,560,0.625,0,20260834,350,10.788
esn-slow (leak 0.1),B-drive,4,2,5,70.0,1,20260834,350,1.06
esn-slow (leak 0.1),B-drive,4,4,14,25.0,1,20260834,350,1.763
esn-slow (leak 0.1),B-drive,4,8,44,7.955,1,20260834,350,3.215
esn-slow (leak 0.1),B-drive,4,16,152,2.303,1,20260834,350,5.478
esn-slow (leak 0.1),B-drive,4,32,560,0.625,0,20260834,350,13.226
esn-slow (leak 0.1),A-readout,8,2,5,70.0,1,20260834,350,0.145
esn-slow (leak 0.1),A-readout,8,4,14,25.0,1,20260834,350,0.376
esn-slow (leak 0.1),A-readout,8,8,44,7.955,1,20260834,350,0.947
esn-slow (leak 0.1),A-readout,8,16,152,2.303,1,20260834,350,2.224
esn-slow (leak 0.1),A-readout,8,32,560,0.625,0,20260834,350,7.22
esn-slow (leak 0.1),B-drive,8,2,5,70.0,1,20260834,350,1.518
esn-slow (leak 0.1),B-drive,8,4,14,25.0,1,20260834,350,2.481
esn-slow (leak 0.1),B-drive,8,8,44,7.955,1,20260834,350,4.256
esn-slow (leak 0.1),B-drive,8,16,152,2.303,1,20260834,350,6.865
esn-slow (leak 0.1),B-drive,8,32,560,0.625,0,20260834,350,12.567
esn-fast (leak 1.0),A-readout,1,2,5,70.0,1,20260835,350,2.022
esn-fast (leak 1.0),A-readout,1,4,14,25.0,1,20260835,350,4.094
esn-fast (leak 1.0),A-readout,1,8,44,7.955,1,20260835,350,7.745
esn-fast (leak 1.0),A-readout,1,16,152,2.303,1,20260835,350,10.382
esn-fast (leak 1.0),A-readout,1,32,560,0.625,0,20260835,350,16.749
esn-fast (leak 1.0),B-drive,1,2,5,70.0,1,20260835,350,2.022
esn-fast (leak 1.0),B-drive,1,4,14,25.0,1,20260835,350,4.094
esn-fast (leak 1.0),B-drive,1,8,44,7.955,1,20260835,350,7.745
esn-fast (leak 1.0),B-drive,1,16,152,2.303,1,20260835,350,10.382
esn-fast (leak 1.0),B-drive,1,32,560,0.625,0,20260835,350,16.749
esn-fast (leak 1.0),A-readout,2,2,5,70.0,1,20260835,350,2.025
esn-fast (leak 1.0),A-readout,2,4,14,25.0,1,20260835,350,3.682
esn-fast (leak 1.0),A-readout,2,8,44,7.955,1,20260835,350,4.996
esn-fast (leak 1.0),A-readout,2,16,152,2.303,1,20260835,350,6.633
esn-fast (leak 1.0),A-readout,2,32,560,0.625,0,20260835,350,13.133
esn-fast (leak 1.0),B-drive,2,2,5,70.0,1,20260835,350,1.965
esn-fast (leak 1.0),B-drive,2,4,14,25.0,1,20260835,350,3.758
esn-fast (leak 1.0),B-drive,2,8,44,7.955,1,20260835,350,4.754
esn-fast (leak 1.0),B-drive,2,16,152,2.303,1,20260835,350,6.4
esn-fast (leak 1.0),B-drive,2,32,560,0.625,0,20260835,350,13.179
esn-fast (leak 1.0),A-readout,4,2,5,70.0,1,20260835,350,1.831
esn-fast (leak 1.0),A-readout,4,4,14,25.0,1,20260835,350,2.052
esn-fast (leak 1.0),A-readout,4,8,44,7.955,1,20260835,350,2.45
esn-fast (leak 1.0),A-readout,4,16,152,2.303,1,20260835,350,4.328
esn-fast (leak 1.0),A-readout,4,32,560,0.625,0,20260835,350,9.854
esn-fast (leak 1.0),B-drive,4,2,5,70.0,1,20260835,350,1.734
esn-fast (leak 1.0),B-drive,4,4,14,25.0,1,20260835,350,2.4
esn-fast (leak 1.0),B-drive,4,8,44,7.955,1,20260835,350,2.777
esn-fast (leak 1.0),B-drive,4,16,152,2.303,1,20260835,350,4.602
esn-fast (leak 1.0),B-drive,4,32,560,0.625,0,20260835,350,12.036
esn-fast (leak 1.0),A-readout,8,2,5,70.0,1,20260835,350,0.751
esn-fast (leak 1.0),A-readout,8,4,14,25.0,1,20260835,350,0.796
esn-fast (leak 1.0),A-readout,8,8,44,7.955,1,20260835,350,1.345
esn-fast (leak 1.0),A-readout,8,16,152,2.303,1,20260835,350,3.033
esn-fast (leak 1.0),A-readout,8,32,560,0.625,0,20260835,350,10.018
esn-fast (leak 1.0),B-drive,8,2,5,70.0,1,20260835,350,1.186
esn-fast (leak 1.0),B-drive,8,4,14,25.0,1,20260835,350,1.378
esn-fast (leak 1.0),B-drive,8,8,44,7.955,1,20260835,350,1.909
esn-fast (leak 1.0),B-drive,8,16,152,2.303,1,20260835,350,3.583
esn-fast (leak 1.0),B-drive,8,32,560,0.625,0,20260835,350,10.702
esn-mid (leak 0.3),A-readout,1,2,5,70.0,1,20260835,350,0.57
esn-mid (leak 0.3),A-readout,1,4,14,25.0,1,20260835,350,0.988
esn-mid (leak 0.3),A-readout,1,8,44,7.955,1,20260835,350,1.902
esn-mid (leak 0.3),A-readout,1,16,152,2.303,1,20260835,350,4.116
esn-mid (leak 0.3),A-readout,1,32,560,0.625,0,20260835,350,11.18
esn-mid (leak 0.3),B-drive,1,2,5,70.0,1,20260835,350,0.57
esn-mid (leak 0.3),B-drive,1,4,14,25.0,1,20260835,350,0.988
esn-mid (leak 0.3),B-drive,1,8,44,7.955,1,20260835,350,1.902
esn-mid (leak 0.3),B-drive,1,16,152,2.303,1,20260835,350,4.116
esn-mid (leak 0.3),B-drive,1,32,560,0.625,0,20260835,350,11.18
esn-mid (leak 0.3),A-readout,2,2,5,70.0,1,20260835,350,0.635
esn-mid (leak 0.3),A-readout,2,4,14,25.0,1,20260835,350,1.013
esn-mid (leak 0.3),A-readout,2,8,44,7.955,1,20260835,350,1.976
esn-mid (leak 0.3),A-readout,2,16,152,2.303,1,20260835,350,3.863
esn-mid (leak 0.3),A-readout,2,32,560,0.625,0,20260835,350,8.598
esn-mid (leak 0.3),B-drive,2,2,5,70.0,1,20260835,350,1.091
esn-mid (leak 0.3),B-drive,2,4,14,25.0,1,20260835,350,1.754
esn-mid (leak 0.3),B-drive,2,8,44,7.955,1,20260835,350,2.772
esn-mid (leak 0.3),B-drive,2,16,152,2.303,1,20260835,350,4.687
esn-mid (leak 0.3),B-drive,2,32,560,0.625,0,20260835,350,12.501
esn-mid (leak 0.3),A-readout,4,2,5,70.0,1,20260835,350,0.598
esn-mid (leak 0.3),A-readout,4,4,14,25.0,1,20260835,350,0.843
esn-mid (leak 0.3),A-readout,4,8,44,7.955,1,20260835,350,1.456
esn-mid (leak 0.3),A-readout,4,16,152,2.303,1,20260835,350,3.093
esn-mid (leak 0.3),A-readout,4,32,560,0.625,0,20260835,350,8.196
esn-mid (leak 0.3),B-drive,4,2,5,70.0,1,20260835,350,1.677
esn-mid (leak 0.3),B-drive,4,4,14,25.0,1,20260835,350,2.54
esn-mid (leak 0.3),B-drive,4,8,44,7.955,1,20260835,350,3.624
esn-mid (leak 0.3),B-drive,4,16,152,2.303,1,20260835,350,5.709
esn-mid (leak 0.3),B-drive,4,32,560,0.625,0,20260835,350,13.292
esn-mid (leak 0.3),A-readout,8,2,5,70.0,1,20260835,350,0.42
esn-mid (leak 0.3),A-readout,8,4,14,25.0,1,20260835,350,0.715
esn-mid (leak 0.3),A-readout,8,8,44,7.955,1,20260835,350,1.254
esn-mid (leak 0.3),A-readout,8,16,152,2.303,1,20260835,350,2.782
esn-mid (leak 0.3),A-readout,8,32,560,0.625,0,20260835,350,9.946
esn-mid (leak 0.3),B-drive,8,2,5,70.0,1,20260835,350,1.761
esn-mid (leak 0.3),B-drive,8,4,14,25.0,1,20260835,350,2.541
esn-mid (leak 0.3),B-drive,8,8,44,7.955,1,20260835,350,3.191
esn-mid (leak 0.3),B-drive,8,16,152,2.303,1,20260835,350,5.052
esn-mid (leak 0.3),B-drive,8,32,560,0.625,0,20260835,350,12.277
esn-slow (leak 0.1),A-readout,1,2,5,70.0,1,20260835,350,0.207
esn-slow (leak 0.1),A-readout,1,4,14,25.0,1,20260835,350,0.505
esn-slow (leak 0.1),A-readout,1,8,44,7.955,1,20260835,350,1.116
esn-slow (leak 0.1),A-readout,1,16,152,2.303,1,20260835,350,3.764
esn-slow (leak 0.1),A-readout,1,32,560,0.625,0,20260835,350,9.037
esn-slow (leak 0.1),B-drive,1,2,5,70.0,1,20260835,350,0.207
esn-slow (leak 0.1),B-drive,1,4,14,25.0,1,20260835,350,0.505
esn-slow (leak 0.1),B-drive,1,8,44,7.955,1,20260835,350,1.116
esn-slow (leak 0.1),B-drive,1,16,152,2.303,1,20260835,350,3.764
esn-slow (leak 0.1),B-drive,1,32,560,0.625,0,20260835,350,9.037
esn-slow (leak 0.1),A-readout,2,2,5,70.0,1,20260835,350,0.363
esn-slow (leak 0.1),A-readout,2,4,14,25.0,1,20260835,350,0.661
esn-slow (leak 0.1),A-readout,2,8,44,7.955,1,20260835,350,1.455
esn-slow (leak 0.1),A-readout,2,16,152,2.303,1,20260835,350,3.013
esn-slow (leak 0.1),A-readout,2,32,560,0.625,0,20260835,350,6.939
esn-slow (leak 0.1),B-drive,2,2,5,70.0,1,20260835,350,0.265
esn-slow (leak 0.1),B-drive,2,4,14,25.0,1,20260835,350,0.591
esn-slow (leak 0.1),B-drive,2,8,44,7.955,1,20260835,350,1.415
esn-slow (leak 0.1),B-drive,2,16,152,2.303,1,20260835,350,4.042
esn-slow (leak 0.1),B-drive,2,32,560,0.625,0,20260835,350,10.162
esn-slow (leak 0.1),A-readout,4,2,5,70.0,1,20260835,350,0.376
esn-slow (leak 0.1),A-readout,4,4,14,25.0,1,20260835,350,0.487
esn-slow (leak 0.1),A-readout,4,8,44,7.955,1,20260835,350,1.017
esn-slow (leak 0.1),A-readout,4,16,152,2.303,1,20260835,350,2.665
esn-slow (leak 0.1),A-readout,4,32,560,0.625,0,20260835,350,7.989
esn-slow (leak 0.1),B-drive,4,2,5,70.0,1,20260835,350,0.634
esn-slow (leak 0.1),B-drive,4,4,14,25.0,1,20260835,350,1.072
esn-slow (leak 0.1),B-drive,4,8,44,7.955,1,20260835,350,1.97
esn-slow (leak 0.1),B-drive,4,16,152,2.303,1,20260835,350,4.065
esn-slow (leak 0.1),B-drive,4,32,560,0.625,0,20260835,350,11.177
esn-slow (leak 0.1),A-readout,8,2,5,70.0,1,20260835,350,0.278
esn-slow (leak 0.1),A-readout,8,4,14,25.0,1,20260835,350,0.624
esn-slow (leak 0.1),A-readout,8,8,44,7.955,1,20260835,350,1.366
esn-slow (leak 0.1),A-readout,8,16,152,2.303,1,20260835,350,2.729
esn-slow (leak 0.1),A-readout,8,32,560,0.625,0,20260835,350,10.488
esn-slow (leak 0.1),B-drive,8,2,5,70.0,1,20260835,350,1.158
esn-slow (leak 0.1),B-drive,8,4,14,25.0,1,20260835,350,1.841
esn-slow (leak 0.1),B-drive,8,8,44,7.955,1,20260835,350,2.858
esn-slow (leak 0.1),B-drive,8,16,152,2.303,1,20260835,350,4.803
esn-slow (leak 0.1),B-drive,8,32,560,0.625,0,20260835,350,12.435
esn-fast (leak 1.0),A-readout,1,2,5,70.0,1,20260836,350,1.981
esn-fast (leak 1.0),A-readout,1,4,14,25.0,1,20260836,350,3.974
esn-fast (leak 1.0),A-readout,1,8,44,7.955,1,20260836,350,7.97
esn-fast (leak 1.0),A-readout,1,16,152,2.303,1,20260836,350,11.443
esn-fast (leak 1.0),A-readout,1,32,560,0.625,0,20260836,350,17.258
esn-fast (leak 1.0),B-drive,1,2,5,70.0,1,20260836,350,1.981
esn-fast (leak 1.0),B-drive,1,4,14,25.0,1,20260836,350,3.974
esn-fast (leak 1.0),B-drive,1,8,44,7.955,1,20260836,350,7.97
esn-fast (leak 1.0),B-drive,1,16,152,2.303,1,20260836,350,11.443
esn-fast (leak 1.0),B-drive,1,32,560,0.625,0,20260836,350,17.258
esn-fast (leak 1.0),A-readout,2,2,5,70.0,1,20260836,350,2.197
esn-fast (leak 1.0),A-readout,2,4,14,25.0,1,20260836,350,4.215
esn-fast (leak 1.0),A-readout,2,8,44,7.955,1,20260836,350,5.336
esn-fast (leak 1.0),A-readout,2,16,152,2.303,1,20260836,350,6.424
esn-fast (leak 1.0),A-readout,2,32,560,0.625,0,20260836,350,12.762
esn-fast (leak 1.0),B-drive,2,2,5,70.0,1,20260836,350,1.961
esn-fast (leak 1.0),B-drive,2,4,14,25.0,1,20260836,350,3.882
esn-fast (leak 1.0),B-drive,2,8,44,7.955,1,20260836,350,6.461
esn-fast (leak 1.0),B-drive,2,16,152,2.303,1,20260836,350,7.992
esn-fast (leak 1.0),B-drive,2,32,560,0.625,0,20260836,350,14.343
esn-fast (leak 1.0),A-readout,4,2,5,70.0,1,20260836,350,1.78
esn-fast (leak 1.0),A-readout,4,4,14,25.0,1,20260836,350,2.186
esn-fast (leak 1.0),A-readout,4,8,44,7.955,1,20260836,350,2.705
esn-fast (leak 1.0),A-readout,4,16,152,2.303,1,20260836,350,4.321
esn-fast (leak 1.0),A-readout,4,32,560,0.625,0,20260836,350,11.197
esn-fast (leak 1.0),B-drive,4,2,5,70.0,1,20260836,350,1.83
esn-fast (leak 1.0),B-drive,4,4,14,25.0,1,20260836,350,2.658
esn-fast (leak 1.0),B-drive,4,8,44,7.955,1,20260836,350,3.367
esn-fast (leak 1.0),B-drive,4,16,152,2.303,1,20260836,350,5.054
esn-fast (leak 1.0),B-drive,4,32,560,0.625,0,20260836,350,12.02
esn-fast (leak 1.0),A-readout,8,2,5,70.0,1,20260836,350,0.846
esn-fast (leak 1.0),A-readout,8,4,14,25.0,1,20260836,350,1.02
esn-fast (leak 1.0),A-readout,8,8,44,7.955,1,20260836,350,1.409
esn-fast (leak 1.0),A-readout,8,16,152,2.303,1,20260836,350,2.899
esn-fast (leak 1.0),A-readout,8,32,560,0.625,0,20260836,350,8.834
esn-fast (leak 1.0),B-drive,8,2,5,70.0,1,20260836,350,1.328
esn-fast (leak 1.0),B-drive,8,4,14,25.0,1,20260836,350,1.536
esn-fast (leak 1.0),B-drive,8,8,44,7.955,1,20260836,350,2.194
esn-fast (leak 1.0),B-drive,8,16,152,2.303,1,20260836,350,3.675
esn-fast (leak 1.0),B-drive,8,32,560,0.625,0,20260836,350,10.746
esn-mid (leak 0.3),A-readout,1,2,5,70.0,1,20260836,350,0.834
esn-mid (leak 0.3),A-readout,1,4,14,25.0,1,20260836,350,1.417
esn-mid (leak 0.3),A-readout,1,8,44,7.955,1,20260836,350,2.469
esn-mid (leak 0.3),A-readout,1,16,152,2.303,1,20260836,350,4.96
esn-mid (leak 0.3),A-readout,1,32,560,0.625,0,20260836,350,12.35
esn-mid (leak 0.3),B-drive,1,2,5,70.0,1,20260836,350,0.834
esn-mid (leak 0.3),B-drive,1,4,14,25.0,1,20260836,350,1.417
esn-mid (leak 0.3),B-drive,1,8,44,7.955,1,20260836,350,2.469
esn-mid (leak 0.3),B-drive,1,16,152,2.303,1,20260836,350,4.96
esn-mid (leak 0.3),B-drive,1,32,560,0.625,0,20260836,350,12.35
esn-mid (leak 0.3),A-readout,2,2,5,70.0,1,20260836,350,0.841
esn-mid (leak 0.3),A-readout,2,4,14,25.0,1,20260836,350,1.279
esn-mid (leak 0.3),A-readout,2,8,44,7.955,1,20260836,350,2.027
esn-mid (leak 0.3),A-readout,2,16,152,2.303,1,20260836,350,2.911
esn-mid (leak 0.3),A-readout,2,32,560,0.625,0,20260836,350,8.526
esn-mid (leak 0.3),B-drive,2,2,5,70.0,1,20260836,350,1.29
esn-mid (leak 0.3),B-drive,2,4,14,25.0,1,20260836,350,2.066
esn-mid (leak 0.3),B-drive,2,8,44,7.955,1,20260836,350,3.413
esn-mid (leak 0.3),B-drive,2,16,152,2.303,1,20260836,350,6.027
esn-mid (leak 0.3),B-drive,2,32,560,0.625,0,20260836,350,12.778
esn-mid (leak 0.3),A-readout,4,2,5,70.0,1,20260836,350,0.289
esn-mid (leak 0.3),A-readout,4,4,14,25.0,1,20260836,350,0.514
esn-mid (leak 0.3),A-readout,4,8,44,7.955,1,20260836,350,1.403
esn-mid (leak 0.3),A-readout,4,16,152,2.303,1,20260836,350,2.868
esn-mid (leak 0.3),A-readout,4,32,560,0.625,0,20260836,350,9.272
esn-mid (leak 0.3),B-drive,4,2,5,70.0,1,20260836,350,1.676
esn-mid (leak 0.3),B-drive,4,4,14,25.0,1,20260836,350,2.484
esn-mid (leak 0.3),B-drive,4,8,44,7.955,1,20260836,350,4.055
esn-mid (leak 0.3),B-drive,4,16,152,2.303,1,20260836,350,5.909
esn-mid (leak 0.3),B-drive,4,32,560,0.625,0,20260836,350,11.599
esn-mid (leak 0.3),A-readout,8,2,5,70.0,1,20260836,350,0.094
esn-mid (leak 0.3),A-readout,8,4,14,25.0,1,20260836,350,0.188
esn-mid (leak 0.3),A-readout,8,8,44,7.955,1,20260836,350,0.689
esn-mid (leak 0.3),A-readout,8,16,152,2.303,1,20260836,350,2.99
esn-mid (leak 0.3),A-readout,8,32,560,0.625,0,20260836,350,8.399
esn-mid (leak 0.3),B-drive,8,2,5,70.0,1,20260836,350,1.863
esn-mid (leak 0.3),B-drive,8,4,14,25.0,1,20260836,350,2.793
esn-mid (leak 0.3),B-drive,8,8,44,7.955,1,20260836,350,3.917
esn-mid (leak 0.3),B-drive,8,16,152,2.303,1,20260836,350,5.629
esn-mid (leak 0.3),B-drive,8,32,560,0.625,0,20260836,350,11.301
esn-slow (leak 0.1),A-readout,1,2,5,70.0,1,20260836,350,0.417
esn-slow (leak 0.1),A-readout,1,4,14,25.0,1,20260836,350,0.635
esn-slow (leak 0.1),A-readout,1,8,44,7.955,1,20260836,350,1.319
esn-slow (leak 0.1),A-readout,1,16,152,2.303,1,20260836,350,3.161
esn-slow (leak 0.1),A-readout,1,32,560,0.625,0,20260836,350,10.552
esn-slow (leak 0.1),B-drive,1,2,5,70.0,1,20260836,350,0.417
esn-slow (leak 0.1),B-drive,1,4,14,25.0,1,20260836,350,0.635
esn-slow (leak 0.1),B-drive,1,8,44,7.955,1,20260836,350,1.319
esn-slow (leak 0.1),B-drive,1,16,152,2.303,1,20260836,350,3.161
esn-slow (leak 0.1),B-drive,1,32,560,0.625,0,20260836,350,10.552
esn-slow (leak 0.1),A-readout,2,2,5,70.0,1,20260836,350,0.352
esn-slow (leak 0.1),A-readout,2,4,14,25.0,1,20260836,350,0.612
esn-slow (leak 0.1),A-readout,2,8,44,7.955,1,20260836,350,1.009
esn-slow (leak 0.1),A-readout,2,16,152,2.303,1,20260836,350,2.216
esn-slow (leak 0.1),A-readout,2,32,560,0.625,0,20260836,350,8.476
esn-slow (leak 0.1),B-drive,2,2,5,70.0,1,20260836,350,0.505
esn-slow (leak 0.1),B-drive,2,4,14,25.0,1,20260836,350,0.925
esn-slow (leak 0.1),B-drive,2,8,44,7.955,1,20260836,350,1.748
esn-slow (leak 0.1),B-drive,2,16,152,2.303,1,20260836,350,3.717
esn-slow (leak 0.1),B-drive,2,32,560,0.625,0,20260836,350,11.13
esn-slow (leak 0.1),A-readout,4,2,5,70.0,1,20260836,350,0.081
esn-slow (leak 0.1),A-readout,4,4,14,25.0,1,20260836,350,0.129
esn-slow (leak 0.1),A-readout,4,8,44,7.955,1,20260836,350,0.759
esn-slow (leak 0.1),A-readout,4,16,152,2.303,1,20260836,350,2.078
esn-slow (leak 0.1),A-readout,4,32,560,0.625,0,20260836,350,8.098
esn-slow (leak 0.1),B-drive,4,2,5,70.0,1,20260836,350,0.854
esn-slow (leak 0.1),B-drive,4,4,14,25.0,1,20260836,350,1.46
esn-slow (leak 0.1),B-drive,4,8,44,7.955,1,20260836,350,2.525
esn-slow (leak 0.1),B-drive,4,16,152,2.303,1,20260836,350,5.235
esn-slow (leak 0.1),B-drive,4,32,560,0.625,0,20260836,350,12.164
esn-slow (leak 0.1),A-readout,8,2,5,70.0,1,20260836,350,0.077
esn-slow (leak 0.1),A-readout,8,4,14,25.0,1,20260836,350,0.29
esn-slow (leak 0.1),A-readout,8,8,44,7.955,1,20260836,350,0.51
esn-slow (leak 0.1),A-readout,8,16,152,2.303,1,20260836,350,2.554
esn-slow (leak 0.1),A-readout,8,32,560,0.625,0,20260836,350,9.051
esn-slow (leak 0.1),B-drive,8,2,5,70.0,1,20260836,350,1.234
esn-slow (leak 0.1),B-drive,8,4,14,25.0,1,20260836,350,1.988
esn-slow (leak 0.1),B-drive,8,8,44,7.955,1,20260836,350,3.286
esn-slow (leak 0.1),B-drive,8,16,152,2.303,1,20260836,350,5.624
esn-slow (leak 0.1),B-drive,8,32,560,0.625,0,20260836,350,11.735
esn-fast (leak 1.0),A-readout,1,2,5,70.0,1,20260837,350,2.018
esn-fast (leak 1.0),A-readout,1,4,14,25.0,1,20260837,350,4.019
esn-fast (leak 1.0),A-readout,1,8,44,7.955,1,20260837,350,7.905
esn-fast (leak 1.0),A-readout,1,16,152,2.303,1,20260837,350,11.747
esn-fast (leak 1.0),A-readout,1,32,560,0.625,0,20260837,350,17.749
esn-fast (leak 1.0),B-drive,1,2,5,70.0,1,20260837,350,2.018
esn-fast (leak 1.0),B-drive,1,4,14,25.0,1,20260837,350,4.019
esn-fast (leak 1.0),B-drive,1,8,44,7.955,1,20260837,350,7.905
esn-fast (leak 1.0),B-drive,1,16,152,2.303,1,20260837,350,11.747
esn-fast (leak 1.0),B-drive,1,32,560,0.625,0,20260837,350,17.749
esn-fast (leak 1.0),A-readout,2,2,5,70.0,1,20260837,350,1.955
esn-fast (leak 1.0),A-readout,2,4,14,25.0,1,20260837,350,3.775
esn-fast (leak 1.0),A-readout,2,8,44,7.955,1,20260837,350,5.473
esn-fast (leak 1.0),A-readout,2,16,152,2.303,1,20260837,350,7.019
esn-fast (leak 1.0),A-readout,2,32,560,0.625,0,20260837,350,14.203
esn-fast (leak 1.0),B-drive,2,2,5,70.0,1,20260837,350,2.017
esn-fast (leak 1.0),B-drive,2,4,14,25.0,1,20260837,350,3.983
esn-fast (leak 1.0),B-drive,2,8,44,7.955,1,20260837,350,5.914
esn-fast (leak 1.0),B-drive,2,16,152,2.303,1,20260837,350,7.351
esn-fast (leak 1.0),B-drive,2,32,560,0.625,0,20260837,350,13.661
esn-fast (leak 1.0),A-readout,4,2,5,70.0,1,20260837,350,1.683
esn-fast (leak 1.0),A-readout,4,4,14,25.0,1,20260837,350,2.125
esn-fast (leak 1.0),A-readout,4,8,44,7.955,1,20260837,350,2.528
esn-fast (leak 1.0),A-readout,4,16,152,2.303,1,20260837,350,4.026
esn-fast (leak 1.0),A-readout,4,32,560,0.625,0,20260837,350,11.11
esn-fast (leak 1.0),B-drive,4,2,5,70.0,1,20260837,350,1.912
esn-fast (leak 1.0),B-drive,4,4,14,25.0,1,20260837,350,2.804
esn-fast (leak 1.0),B-drive,4,8,44,7.955,1,20260837,350,3.2
esn-fast (leak 1.0),B-drive,4,16,152,2.303,1,20260837,350,4.877
esn-fast (leak 1.0),B-drive,4,32,560,0.625,0,20260837,350,11.33
esn-fast (leak 1.0),A-readout,8,2,5,70.0,1,20260837,350,0.963
esn-fast (leak 1.0),A-readout,8,4,14,25.0,1,20260837,350,1.15
esn-fast (leak 1.0),A-readout,8,8,44,7.955,1,20260837,350,1.547
esn-fast (leak 1.0),A-readout,8,16,152,2.303,1,20260837,350,3.416
esn-fast (leak 1.0),A-readout,8,32,560,0.625,0,20260837,350,9.242
esn-fast (leak 1.0),B-drive,8,2,5,70.0,1,20260837,350,1.397
esn-fast (leak 1.0),B-drive,8,4,14,25.0,1,20260837,350,1.512
esn-fast (leak 1.0),B-drive,8,8,44,7.955,1,20260837,350,1.833
esn-fast (leak 1.0),B-drive,8,16,152,2.303,1,20260837,350,3.767
esn-fast (leak 1.0),B-drive,8,32,560,0.625,0,20260837,350,9.475
esn-mid (leak 0.3),A-readout,1,2,5,70.0,1,20260837,350,0.856
esn-mid (leak 0.3),A-readout,1,4,14,25.0,1,20260837,350,1.444
esn-mid (leak 0.3),A-readout,1,8,44,7.955,1,20260837,350,2.65
esn-mid (leak 0.3),A-readout,1,16,152,2.303,1,20260837,350,5.301
esn-mid (leak 0.3),A-readout,1,32,560,0.625,0,20260837,350,12.206
esn-mid (leak 0.3),B-drive,1,2,5,70.0,1,20260837,350,0.856
esn-mid (leak 0.3),B-drive,1,4,14,25.0,1,20260837,350,1.444
esn-mid (leak 0.3),B-drive,1,8,44,7.955,1,20260837,350,2.65
esn-mid (leak 0.3),B-drive,1,16,152,2.303,1,20260837,350,5.301
esn-mid (leak 0.3),B-drive,1,32,560,0.625,0,20260837,350,12.206
esn-mid (leak 0.3),A-readout,2,2,5,70.0,1,20260837,350,0.843
esn-mid (leak 0.3),A-readout,2,4,14,25.0,1,20260837,350,1.337
esn-mid (leak 0.3),A-readout,2,8,44,7.955,1,20260837,350,2.334
esn-mid (leak 0.3),A-readout,2,16,152,2.303,1,20260837,350,4.433
esn-mid (leak 0.3),A-readout,2,32,560,0.625,0,20260837,350,11.025
esn-mid (leak 0.3),B-drive,2,2,5,70.0,1,20260837,350,1.312
esn-mid (leak 0.3),B-drive,2,4,14,25.0,1,20260837,350,2.128
esn-mid (leak 0.3),B-drive,2,8,44,7.955,1,20260837,350,3.465
esn-mid (leak 0.3),B-drive,2,16,152,2.303,1,20260837,350,6.545
esn-mid (leak 0.3),B-drive,2,32,560,0.625,0,20260837,350,12.544
esn-mid (leak 0.3),A-readout,4,2,5,70.0,1,20260837,350,0.166
esn-mid (leak 0.3),A-readout,4,4,14,25.0,1,20260837,350,0.301
esn-mid (leak 0.3),A-readout,4,8,44,7.955,1,20260837,350,0.875
esn-mid (leak 0.3),A-readout,4,16,152,2.303,1,20260837,350,2.721
esn-mid (leak 0.3),A-readout,4,32,560,0.625,0,20260837,350,8.373
esn-mid (leak 0.3),B-drive,4,2,5,70.0,1,20260837,350,1.714
esn-mid (leak 0.3),B-drive,4,4,14,25.0,1,20260837,350,2.672
esn-mid (leak 0.3),B-drive,4,8,44,7.955,1,20260837,350,3.984
esn-mid (leak 0.3),B-drive,4,16,152,2.303,1,20260837,350,6.028
esn-mid (leak 0.3),B-drive,4,32,560,0.625,0,20260837,350,12.187
esn-mid (leak 0.3),A-readout,8,2,5,70.0,1,20260837,350,0.294
esn-mid (leak 0.3),A-readout,8,4,14,25.0,1,20260837,350,0.532
esn-mid (leak 0.3),A-readout,8,8,44,7.955,1,20260837,350,0.841
esn-mid (leak 0.3),A-readout,8,16,152,2.303,1,20260837,350,2.228
esn-mid (leak 0.3),A-readout,8,32,560,0.625,0,20260837,350,7.498
esn-mid (leak 0.3),B-drive,8,2,5,70.0,1,20260837,350,1.867
esn-mid (leak 0.3),B-drive,8,4,14,25.0,1,20260837,350,2.907
esn-mid (leak 0.3),B-drive,8,8,44,7.955,1,20260837,350,3.477
esn-mid (leak 0.3),B-drive,8,16,152,2.303,1,20260837,350,5.133
esn-mid (leak 0.3),B-drive,8,32,560,0.625,0,20260837,350,11.053
esn-slow (leak 0.1),A-readout,1,2,5,70.0,1,20260837,350,0.483
esn-slow (leak 0.1),A-readout,1,4,14,25.0,1,20260837,350,0.822
esn-slow (leak 0.1),A-readout,1,8,44,7.955,1,20260837,350,1.764
esn-slow (leak 0.1),A-readout,1,16,152,2.303,1,20260837,350,3.845
esn-slow (leak 0.1),A-readout,1,32,560,0.625,0,20260837,350,10.152
esn-slow (leak 0.1),B-drive,1,2,5,70.0,1,20260837,350,0.483
esn-slow (leak 0.1),B-drive,1,4,14,25.0,1,20260837,350,0.822
esn-slow (leak 0.1),B-drive,1,8,44,7.955,1,20260837,350,1.764
esn-slow (leak 0.1),B-drive,1,16,152,2.303,1,20260837,350,3.845
esn-slow (leak 0.1),B-drive,1,32,560,0.625,0,20260837,350,10.152
esn-slow (leak 0.1),A-readout,2,2,5,70.0,1,20260837,350,0.489
esn-slow (leak 0.1),A-readout,2,4,14,25.0,1,20260837,350,0.833
esn-slow (leak 0.1),A-readout,2,8,44,7.955,1,20260837,350,1.611
esn-slow (leak 0.1),A-readout,2,16,152,2.303,1,20260837,350,3.575
esn-slow (leak 0.1),A-readout,2,32,560,0.625,0,20260837,350,8.893
esn-slow (leak 0.1),B-drive,2,2,5,70.0,1,20260837,350,0.557
esn-slow (leak 0.1),B-drive,2,4,14,25.0,1,20260837,350,1.072
esn-slow (leak 0.1),B-drive,2,8,44,7.955,1,20260837,350,2.126
esn-slow (leak 0.1),B-drive,2,16,152,2.303,1,20260837,350,4.442
esn-slow (leak 0.1),B-drive,2,32,560,0.625,0,20260837,350,11.509
esn-slow (leak 0.1),A-readout,4,2,5,70.0,1,20260837,350,0.149
esn-slow (leak 0.1),A-readout,4,4,14,25.0,1,20260837,350,0.459
esn-slow (leak 0.1),A-readout,4,8,44,7.955,1,20260837,350,1.376
esn-slow (leak 0.1),A-readout,4,16,152,2.303,1,20260837,350,3.489
esn-slow (leak 0.1),A-readout,4,32,560,0.625,0,20260837,350,9.051
esn-slow (leak 0.1),B-drive,4,2,5,70.0,1,20260837,350,0.875
esn-slow (leak 0.1),B-drive,4,4,14,25.0,1,20260837,350,1.466
esn-slow (leak 0.1),B-drive,4,8,44,7.955,1,20260837,350,2.653
esn-slow (leak 0.1),B-drive,4,16,152,2.303,1,20260837,350,5.342
esn-slow (leak 0.1),B-drive,4,32,560,0.625,0,20260837,350,11.855
esn-slow (leak 0.1),A-readout,8,2,5,70.0,1,20260837,350,0.194
esn-slow (leak 0.1),A-readout,8,4,14,25.0,1,20260837,350,0.314
esn-slow (leak 0.1),A-readout,8,8,44,7.955,1,20260837,350,0.565
esn-slow (leak 0.1),A-readout,8,16,152,2.303,1,20260837,350,1.957
esn-slow (leak 0.1),A-readout,8,32,560,0.625,0,20260837,350,6.939
esn-slow (leak 0.1),B-drive,8,2,5,70.0,1,20260837,350,1.321
esn-slow (leak 0.1),B-drive,8,4,14,25.0,1,20260837,350,2.11
esn-slow (leak 0.1),B-drive,8,8,44,7.955,1,20260837,350,3.364
esn-slow (leak 0.1),B-drive,8,16,152,2.303,1,20260837,350,6.144
esn-slow (leak 0.1),B-drive,8,32,560,0.625,0,20260837,350,12.154
esn-fast (leak 1.0),A-readout,1,2,5,70.0,1,20260838,350,2.009
esn-fast (leak 1.0),A-readout,1,4,14,25.0,1,20260838,350,4.003
esn-fast (leak 1.0),A-readout,1,8,44,7.955,1,20260838,350,8.006
esn-fast (leak 1.0),A-readout,1,16,152,2.303,1,20260838,350,11.836
esn-fast (leak 1.0),A-readout,1,32,560,0.625,0,20260838,350,19.416
esn-fast (leak 1.0),B-drive,1,2,5,70.0,1,20260838,350,2.009
esn-fast (leak 1.0),B-drive,1,4,14,25.0,1,20260838,350,4.003
esn-fast (leak 1.0),B-drive,1,8,44,7.955,1,20260838,350,8.006
esn-fast (leak 1.0),B-drive,1,16,152,2.303,1,20260838,350,11.836
esn-fast (leak 1.0),B-drive,1,32,560,0.625,0,20260838,350,19.416
esn-fast (leak 1.0),A-readout,2,2,5,70.0,1,20260838,350,2.014
esn-fast (leak 1.0),A-readout,2,4,14,25.0,1,20260838,350,3.726
esn-fast (leak 1.0),A-readout,2,8,44,7.955,1,20260838,350,4.93
esn-fast (leak 1.0),A-readout,2,16,152,2.303,1,20260838,350,6.857
esn-fast (leak 1.0),A-readout,2,32,560,0.625,0,20260838,350,12.768
esn-fast (leak 1.0),B-drive,2,2,5,70.0,1,20260838,350,2.009
esn-fast (leak 1.0),B-drive,2,4,14,25.0,1,20260838,350,3.774
esn-fast (leak 1.0),B-drive,2,8,44,7.955,1,20260838,350,6.1
esn-fast (leak 1.0),B-drive,2,16,152,2.303,1,20260838,350,8.135
esn-fast (leak 1.0),B-drive,2,32,560,0.625,0,20260838,350,15.284
esn-fast (leak 1.0),A-readout,4,2,5,70.0,1,20260838,350,1.759
esn-fast (leak 1.0),A-readout,4,4,14,25.0,1,20260838,350,2.185
esn-fast (leak 1.0),A-readout,4,8,44,7.955,1,20260838,350,2.483
esn-fast (leak 1.0),A-readout,4,16,152,2.303,1,20260838,350,4.321
esn-fast (leak 1.0),A-readout,4,32,560,0.625,0,20260838,350,12.05
esn-fast (leak 1.0),B-drive,4,2,5,70.0,1,20260838,350,1.853
esn-fast (leak 1.0),B-drive,4,4,14,25.0,1,20260838,350,2.829
esn-fast (leak 1.0),B-drive,4,8,44,7.955,1,20260838,350,3.433
esn-fast (leak 1.0),B-drive,4,16,152,2.303,1,20260838,350,5.53
esn-fast (leak 1.0),B-drive,4,32,560,0.625,0,20260838,350,12.057
esn-fast (leak 1.0),A-readout,8,2,5,70.0,1,20260838,350,0.818
esn-fast (leak 1.0),A-readout,8,4,14,25.0,1,20260838,350,1.029
esn-fast (leak 1.0),A-readout,8,8,44,7.955,1,20260838,350,1.562
esn-fast (leak 1.0),A-readout,8,16,152,2.303,1,20260838,350,3.634
esn-fast (leak 1.0),A-readout,8,32,560,0.625,0,20260838,350,10.455
esn-fast (leak 1.0),B-drive,8,2,5,70.0,1,20260838,350,1.108
esn-fast (leak 1.0),B-drive,8,4,14,25.0,1,20260838,350,1.324
esn-fast (leak 1.0),B-drive,8,8,44,7.955,1,20260838,350,1.825
esn-fast (leak 1.0),B-drive,8,16,152,2.303,1,20260838,350,3.689
esn-fast (leak 1.0),B-drive,8,32,560,0.625,0,20260838,350,9.893
esn-mid (leak 0.3),A-readout,1,2,5,70.0,1,20260838,350,1.016
esn-mid (leak 0.3),A-readout,1,4,14,25.0,1,20260838,350,1.606
esn-mid (leak 0.3),A-readout,1,8,44,7.955,1,20260838,350,2.593
esn-mid (leak 0.3),A-readout,1,16,152,2.303,1,20260838,350,5.75
esn-mid (leak 0.3),A-readout,1,32,560,0.625,0,20260838,350,14.166
esn-mid (leak 0.3),B-drive,1,2,5,70.0,1,20260838,350,1.016
esn-mid (leak 0.3),B-drive,1,4,14,25.0,1,20260838,350,1.606
esn-mid (leak 0.3),B-drive,1,8,44,7.955,1,20260838,350,2.593
esn-mid (leak 0.3),B-drive,1,16,152,2.303,1,20260838,350,5.75
esn-mid (leak 0.3),B-drive,1,32,560,0.625,0,20260838,350,14.166
esn-mid (leak 0.3),A-readout,2,2,5,70.0,1,20260838,350,0.431
esn-mid (leak 0.3),A-readout,2,4,14,25.0,1,20260838,350,0.733
esn-mid (leak 0.3),A-readout,2,8,44,7.955,1,20260838,350,1.062
esn-mid (leak 0.3),A-readout,2,16,152,2.303,1,20260838,350,2.604
esn-mid (leak 0.3),A-readout,2,32,560,0.625,0,20260838,350,9.626
esn-mid (leak 0.3),B-drive,2,2,5,70.0,1,20260838,350,1.454
esn-mid (leak 0.3),B-drive,2,4,14,25.0,1,20260838,350,2.318
esn-mid (leak 0.3),B-drive,2,8,44,7.955,1,20260838,350,3.657
esn-mid (leak 0.3),B-drive,2,16,152,2.303,1,20260838,350,6.909
esn-mid (leak 0.3),B-drive,2,32,560,0.625,0,20260838,350,15.945
esn-mid (leak 0.3),A-readout,4,2,5,70.0,1,20260838,350,0.433
esn-mid (leak 0.3),A-readout,4,4,14,25.0,1,20260838,350,0.709
esn-mid (leak 0.3),A-readout,4,8,44,7.955,1,20260838,350,1.413
esn-mid (leak 0.3),A-readout,4,16,152,2.303,1,20260838,350,3.386
esn-mid (leak 0.3),A-readout,4,32,560,0.625,0,20260838,350,11.434
esn-mid (leak 0.3),B-drive,4,2,5,70.0,1,20260838,350,1.826
esn-mid (leak 0.3),B-drive,4,4,14,25.0,1,20260838,350,2.961
esn-mid (leak 0.3),B-drive,4,8,44,7.955,1,20260838,350,4.476
esn-mid (leak 0.3),B-drive,4,16,152,2.303,1,20260838,350,7.557
esn-mid (leak 0.3),B-drive,4,32,560,0.625,0,20260838,350,15.178
esn-mid (leak 0.3),A-readout,8,2,5,70.0,1,20260838,350,0.485
esn-mid (leak 0.3),A-readout,8,4,14,25.0,1,20260838,350,0.833
esn-mid (leak 0.3),A-readout,8,8,44,7.955,1,20260838,350,1.236
esn-mid (leak 0.3),A-readout,8,16,152,2.303,1,20260838,350,3.024
esn-mid (leak 0.3),A-readout,8,32,560,0.625,0,20260838,350,9.169
esn-mid (leak 0.3),B-drive,8,2,5,70.0,1,20260838,350,1.954
esn-mid (leak 0.3),B-drive,8,4,14,25.0,1,20260838,350,3.06
esn-mid (leak 0.3),B-drive,8,8,44,7.955,1,20260838,350,3.964
esn-mid (leak 0.3),B-drive,8,16,152,2.303,1,20260838,350,5.996
esn-mid (leak 0.3),B-drive,8,32,560,0.625,0,20260838,350,13.168
esn-slow (leak 0.1),A-readout,1,2,5,70.0,1,20260838,350,0.529
esn-slow (leak 0.1),A-readout,1,4,14,25.0,1,20260838,350,0.816
esn-slow (leak 0.1),A-readout,1,8,44,7.955,1,20260838,350,1.31
esn-slow (leak 0.1),A-readout,1,16,152,2.303,1,20260838,350,4.137
esn-slow (leak 0.1),A-readout,1,32,560,0.625,0,20260838,350,9.835
esn-slow (leak 0.1),B-drive,1,2,5,70.0,1,20260838,350,0.529
esn-slow (leak 0.1),B-drive,1,4,14,25.0,1,20260838,350,0.816
esn-slow (leak 0.1),B-drive,1,8,44,7.955,1,20260838,350,1.31
esn-slow (leak 0.1),B-drive,1,16,152,2.303,1,20260838,350,4.137
esn-slow (leak 0.1),B-drive,1,32,560,0.625,0,20260838,350,9.835
esn-slow (leak 0.1),A-readout,2,2,5,70.0,1,20260838,350,0.148
esn-slow (leak 0.1),A-readout,2,4,14,25.0,1,20260838,350,0.376
esn-slow (leak 0.1),A-readout,2,8,44,7.955,1,20260838,350,0.715
esn-slow (leak 0.1),A-readout,2,16,152,2.303,1,20260838,350,2.64
esn-slow (leak 0.1),A-readout,2,32,560,0.625,0,20260838,350,10.38
esn-slow (leak 0.1),B-drive,2,2,5,70.0,1,20260838,350,0.663
esn-slow (leak 0.1),B-drive,2,4,14,25.0,1,20260838,350,1.155
esn-slow (leak 0.1),B-drive,2,8,44,7.955,1,20260838,350,1.87
esn-slow (leak 0.1),B-drive,2,16,152,2.303,1,20260838,350,4.917
esn-slow (leak 0.1),B-drive,2,32,560,0.625,0,20260838,350,12.148
esn-slow (leak 0.1),A-readout,4,2,5,70.0,1,20260838,350,0.244
esn-slow (leak 0.1),A-readout,4,4,14,25.0,1,20260838,350,0.414
esn-slow (leak 0.1),A-readout,4,8,44,7.955,1,20260838,350,0.784
esn-slow (leak 0.1),A-readout,4,16,152,2.303,1,20260838,350,2.124
esn-slow (leak 0.1),A-readout,4,32,560,0.625,0,20260838,350,8.503
esn-slow (leak 0.1),B-drive,4,2,5,70.0,1,20260838,350,1.029
esn-slow (leak 0.1),B-drive,4,4,14,25.0,1,20260838,350,1.605
esn-slow (leak 0.1),B-drive,4,8,44,7.955,1,20260838,350,2.579
esn-slow (leak 0.1),B-drive,4,16,152,2.303,1,20260838,350,5.639
esn-slow (leak 0.1),B-drive,4,32,560,0.625,0,20260838,350,13.794
esn-slow (leak 0.1),A-readout,8,2,5,70.0,1,20260838,350,0.27
esn-slow (leak 0.1),A-readout,8,4,14,25.0,1,20260838,350,0.514
esn-slow (leak 0.1),A-readout,8,8,44,7.955,1,20260838,350,1.165
esn-slow (leak 0.1),A-readout,8,16,152,2.303,1,20260838,350,3.338
esn-slow (leak 0.1),A-readout,8,32,560,0.625,0,20260838,350,9.339
esn-slow (leak 0.1),B-drive,8,2,5,70.0,1,20260838,350,1.481
esn-slow (leak 0.1),B-drive,8,4,14,25.0,1,20260838,350,2.361
esn-slow (leak 0.1),B-drive,8,8,44,7.955,1,20260838,350,3.672
esn-slow (leak 0.1),B-drive,8,16,152,2.303,1,20260838,350,7.022
esn-slow (leak 0.1),B-drive,8,32,560,0.625,0,20260838,350,15.881
esn-fast (leak 1.0),A-readout,1,2,5,70.0,1,20260839,350,2.229
esn-fast (leak 1.0),A-readout,1,4,14,25.0,1,20260839,350,4.484
esn-fast (leak 1.0),A-readout,1,8,44,7.955,1,20260839,350,8.872
esn-fast (leak 1.0),A-readout,1,16,152,2.303,1,20260839,350,12.985
esn-fast (leak 1.0),A-readout,1,32,560,0.625,0,20260839,350,19.478
esn-fast (leak 1.0),B-drive,1,2,5,70.0,1,20260839,350,2.229
esn-fast (leak 1.0),B-drive,1,4,14,25.0,1,20260839,350,4.484
esn-fast (leak 1.0),B-drive,1,8,44,7.955,1,20260839,350,8.872
esn-fast (leak 1.0),B-drive,1,16,152,2.303,1,20260839,350,12.985
esn-fast (leak 1.0),B-drive,1,32,560,0.625,0,20260839,350,19.478
esn-fast (leak 1.0),A-readout,2,2,5,70.0,1,20260839,350,1.962
esn-fast (leak 1.0),A-readout,2,4,14,25.0,1,20260839,350,3.511
esn-fast (leak 1.0),A-readout,2,8,44,7.955,1,20260839,350,4.266
esn-fast (leak 1.0),A-readout,2,16,152,2.303,1,20260839,350,5.861
esn-fast (leak 1.0),A-readout,2,32,560,0.625,0,20260839,350,13.395
esn-fast (leak 1.0),B-drive,2,2,5,70.0,1,20260839,350,2.205
esn-fast (leak 1.0),B-drive,2,4,14,25.0,1,20260839,350,4.207
esn-fast (leak 1.0),B-drive,2,8,44,7.955,1,20260839,350,5.958
esn-fast (leak 1.0),B-drive,2,16,152,2.303,1,20260839,350,7.799
esn-fast (leak 1.0),B-drive,2,32,560,0.625,0,20260839,350,15.247
esn-fast (leak 1.0),A-readout,4,2,5,70.0,1,20260839,350,1.738
esn-fast (leak 1.0),A-readout,4,4,14,25.0,1,20260839,350,2.157
esn-fast (leak 1.0),A-readout,4,8,44,7.955,1,20260839,350,2.455
esn-fast (leak 1.0),A-readout,4,16,152,2.303,1,20260839,350,4.286
esn-fast (leak 1.0),A-readout,4,32,560,0.625,0,20260839,350,11.732
esn-fast (leak 1.0),B-drive,4,2,5,70.0,1,20260839,350,2.013
esn-fast (leak 1.0),B-drive,4,4,14,25.0,1,20260839,350,2.94
esn-fast (leak 1.0),B-drive,4,8,44,7.955,1,20260839,350,3.471
esn-fast (leak 1.0),B-drive,4,16,152,2.303,1,20260839,350,5.431
esn-fast (leak 1.0),B-drive,4,32,560,0.625,0,20260839,350,12.183
esn-fast (leak 1.0),A-readout,8,2,5,70.0,1,20260839,350,0.697
esn-fast (leak 1.0),A-readout,8,4,14,25.0,1,20260839,350,0.842
esn-fast (leak 1.0),A-readout,8,8,44,7.955,1,20260839,350,1.267
esn-fast (leak 1.0),A-readout,8,16,152,2.303,1,20260839,350,2.784
esn-fast (leak 1.0),A-readout,8,32,560,0.625,0,20260839,350,9.625
esn-fast (leak 1.0),B-drive,8,2,5,70.0,1,20260839,350,1.277
esn-fast (leak 1.0),B-drive,8,4,14,25.0,1,20260839,350,1.407
esn-fast (leak 1.0),B-drive,8,8,44,7.955,1,20260839,350,1.871
esn-fast (leak 1.0),B-drive,8,16,152,2.303,1,20260839,350,3.619
esn-fast (leak 1.0),B-drive,8,32,560,0.625,0,20260839,350,10.299
esn-mid (leak 0.3),A-readout,1,2,5,70.0,1,20260839,350,0.406
esn-mid (leak 0.3),A-readout,1,4,14,25.0,1,20260839,350,0.841
esn-mid (leak 0.3),A-readout,1,8,44,7.955,1,20260839,350,1.765
esn-mid (leak 0.3),A-readout,1,16,152,2.303,1,20260839,350,3.858
esn-mid (leak 0.3),A-readout,1,32,560,0.625,0,20260839,350,10.329
esn-mid (leak 0.3),B-drive,1,2,5,70.0,1,20260839,350,0.406
esn-mid (leak 0.3),B-drive,1,4,14,25.0,1,20260839,350,0.841
esn-mid (leak 0.3),B-drive,1,8,44,7.955,1,20260839,350,1.765
esn-mid (leak 0.3),B-drive,1,16,152,2.303,1,20260839,350,3.858
esn-mid (leak 0.3),B-drive,1,32,560,0.625,0,20260839,350,10.329
esn-mid (leak 0.3),A-readout,2,2,5,70.0,1,20260839,350,0.719
esn-mid (leak 0.3),A-readout,2,4,14,25.0,1,20260839,350,1.288
esn-mid (leak 0.3),A-readout,2,8,44,7.955,1,20260839,350,1.87
esn-mid (leak 0.3),A-readout,2,16,152,2.303,1,20260839,350,3.349
esn-mid (leak 0.3),A-readout,2,32,560,0.625,0,20260839,350,9.322
esn-mid (leak 0.3),B-drive,2,2,5,70.0,1,20260839,350,1.19
esn-mid (leak 0.3),B-drive,2,4,14,25.0,1,20260839,350,1.752
esn-mid (leak 0.3),B-drive,2,8,44,7.955,1,20260839,350,2.93
esn-mid (leak 0.3),B-drive,2,16,152,2.303,1,20260839,350,4.924
esn-mid (leak 0.3),B-drive,2,32,560,0.625,0,20260839,350,11.774
esn-mid (leak 0.3),A-readout,4,2,5,70.0,1,20260839,350,0.444
esn-mid (leak 0.3),A-readout,4,4,14,25.0,1,20260839,350,0.822
esn-mid (leak 0.3),A-readout,4,8,44,7.955,1,20260839,350,1.245
esn-mid (leak 0.3),A-readout,4,16,152,2.303,1,20260839,350,3.48
esn-mid (leak 0.3),A-readout,4,32,560,0.625,0,20260839,350,10.83
esn-mid (leak 0.3),B-drive,4,2,5,70.0,1,20260839,350,1.82
esn-mid (leak 0.3),B-drive,4,4,14,25.0,1,20260839,350,2.39
esn-mid (leak 0.3),B-drive,4,8,44,7.955,1,20260839,350,3.522
esn-mid (leak 0.3),B-drive,4,16,152,2.303,1,20260839,350,5.345
esn-mid (leak 0.3),B-drive,4,32,560,0.625,0,20260839,350,11.864
esn-mid (leak 0.3),A-readout,8,2,5,70.0,1,20260839,350,0.238
esn-mid (leak 0.3),A-readout,8,4,14,25.0,1,20260839,350,0.471
esn-mid (leak 0.3),A-readout,8,8,44,7.955,1,20260839,350,0.914
esn-mid (leak 0.3),A-readout,8,16,152,2.303,1,20260839,350,2.52
esn-mid (leak 0.3),A-readout,8,32,560,0.625,0,20260839,350,8.562
esn-mid (leak 0.3),B-drive,8,2,5,70.0,1,20260839,350,2.008
esn-mid (leak 0.3),B-drive,8,4,14,25.0,1,20260839,350,2.52
esn-mid (leak 0.3),B-drive,8,8,44,7.955,1,20260839,350,3.113
esn-mid (leak 0.3),B-drive,8,16,152,2.303,1,20260839,350,4.928
esn-mid (leak 0.3),B-drive,8,32,560,0.625,0,20260839,350,11.695
esn-slow (leak 0.1),A-readout,1,2,5,70.0,1,20260839,350,0.138
esn-slow (leak 0.1),A-readout,1,4,14,25.0,1,20260839,350,0.588
esn-slow (leak 0.1),A-readout,1,8,44,7.955,1,20260839,350,1.319
esn-slow (leak 0.1),A-readout,1,16,152,2.303,1,20260839,350,2.929
esn-slow (leak 0.1),A-readout,1,32,560,0.625,0,20260839,350,8.562
esn-slow (leak 0.1),B-drive,1,2,5,70.0,1,20260839,350,0.138
esn-slow (leak 0.1),B-drive,1,4,14,25.0,1,20260839,350,0.588
esn-slow (leak 0.1),B-drive,1,8,44,7.955,1,20260839,350,1.319
esn-slow (leak 0.1),B-drive,1,16,152,2.303,1,20260839,350,2.929
esn-slow (leak 0.1),B-drive,1,32,560,0.625,0,20260839,350,8.562
esn-slow (leak 0.1),A-readout,2,2,5,70.0,1,20260839,350,0.335
esn-slow (leak 0.1),A-readout,2,4,14,25.0,1,20260839,350,0.545
esn-slow (leak 0.1),A-readout,2,8,44,7.955,1,20260839,350,0.903
esn-slow (leak 0.1),A-readout,2,16,152,2.303,1,20260839,350,1.921
esn-slow (leak 0.1),A-readout,2,32,560,0.625,0,20260839,350,7.486
esn-slow (leak 0.1),B-drive,2,2,5,70.0,1,20260839,350,0.174
esn-slow (leak 0.1),B-drive,2,4,14,25.0,1,20260839,350,0.587
esn-slow (leak 0.1),B-drive,2,8,44,7.955,1,20260839,350,1.343
esn-slow (leak 0.1),B-drive,2,16,152,2.303,1,20260839,350,3.266
esn-slow (leak 0.1),B-drive,2,32,560,0.625,0,20260839,350,9.32
esn-slow (leak 0.1),A-readout,4,2,5,70.0,1,20260839,350,0.27
esn-slow (leak 0.1),A-readout,4,4,14,25.0,1,20260839,350,0.492
esn-slow (leak 0.1),A-readout,4,8,44,7.955,1,20260839,350,0.901
esn-slow (leak 0.1),A-readout,4,16,152,2.303,1,20260839,350,2.822
esn-slow (leak 0.1),A-readout,4,32,560,0.625,0,20260839,350,9.032
esn-slow (leak 0.1),B-drive,4,2,5,70.0,1,20260839,350,0.472
esn-slow (leak 0.1),B-drive,4,4,14,25.0,1,20260839,350,0.941
esn-slow (leak 0.1),B-drive,4,8,44,7.955,1,20260839,350,1.929
esn-slow (leak 0.1),B-drive,4,16,152,2.303,1,20260839,350,3.93
esn-slow (leak 0.1),B-drive,4,32,560,0.625,0,20260839,350,10.523
esn-slow (leak 0.1),A-readout,8,2,5,70.0,1,20260839,350,0.134
esn-slow (leak 0.1),A-readout,8,4,14,25.0,1,20260839,350,0.418
esn-slow (leak 0.1),A-readout,8,8,44,7.955,1,20260839,350,1.065
esn-slow (leak 0.1),A-readout,8,16,152,2.303,1,20260839,350,2.416
esn-slow (leak 0.1),A-readout,8,32,560,0.625,0,20260839,350,9.065
esn-slow (leak 0.1),B-drive,8,2,5,70.0,1,20260839,350,1.238
esn-slow (leak 0.1),B-drive,8,4,14,25.0,1,20260839,350,1.73
esn-slow (leak 0.1),B-drive,8,8,44,7.955,1,20260839,350,2.943
esn-slow (leak 0.1),B-drive,8,16,152,2.303,1,20260839,350,4.811
esn-slow (leak 0.1),B-drive,8,32,560,0.625,0,20260839,350,11.284
esn-fast (leak 1.0),A-readout,1,2,5,560.0,1,20260830,2800,1.998
esn-fast (leak 1.0),A-readout,1,4,14,200.0,1,20260830,2800,3.959
esn-fast (leak 1.0),A-readout,1,8,44,63.636,1,20260830,2800,7.639
esn-fast (leak 1.0),A-readout,1,16,152,18.421,1,20260830,2800,11.322
esn-fast (leak 1.0),A-readout,1,32,560,5.0,1,20260830,2800,12.122
esn-fast (leak 1.0),B-drive,1,2,5,560.0,1,20260830,2800,1.998
esn-fast (leak 1.0),B-drive,1,4,14,200.0,1,20260830,2800,3.959
esn-fast (leak 1.0),B-drive,1,8,44,63.636,1,20260830,2800,7.639
esn-fast (leak 1.0),B-drive,1,16,152,18.421,1,20260830,2800,11.322
esn-fast (leak 1.0),B-drive,1,32,560,5.0,1,20260830,2800,12.122
esn-fast (leak 1.0),A-readout,2,2,5,560.0,1,20260830,2800,1.97
esn-fast (leak 1.0),A-readout,2,4,14,200.0,1,20260830,2800,3.771
esn-fast (leak 1.0),A-readout,2,8,44,63.636,1,20260830,2800,5.178
esn-fast (leak 1.0),A-readout,2,16,152,18.421,1,20260830,2800,5.463
esn-fast (leak 1.0),A-readout,2,32,560,5.0,1,20260830,2800,6.257
esn-fast (leak 1.0),B-drive,2,2,5,560.0,1,20260830,2800,1.99
esn-fast (leak 1.0),B-drive,2,4,14,200.0,1,20260830,2800,3.867
esn-fast (leak 1.0),B-drive,2,8,44,63.636,1,20260830,2800,6.572
esn-fast (leak 1.0),B-drive,2,16,152,18.421,1,20260830,2800,7.196
esn-fast (leak 1.0),B-drive,2,32,560,5.0,1,20260830,2800,7.928
esn-fast (leak 1.0),A-readout,4,2,5,560.0,1,20260830,2800,1.818
esn-fast (leak 1.0),A-readout,4,4,14,200.0,1,20260830,2800,2.36
esn-fast (leak 1.0),A-readout,4,8,44,63.636,1,20260830,2800,2.386
esn-fast (leak 1.0),A-readout,4,16,152,18.421,1,20260830,2800,2.567
esn-fast (leak 1.0),A-readout,4,32,560,5.0,1,20260830,2800,3.279
esn-fast (leak 1.0),B-drive,4,2,5,560.0,1,20260830,2800,1.948
esn-fast (leak 1.0),B-drive,4,4,14,200.0,1,20260830,2800,3.47
esn-fast (leak 1.0),B-drive,4,8,44,63.636,1,20260830,2800,4.287
esn-fast (leak 1.0),B-drive,4,16,152,18.421,1,20260830,2800,4.503
esn-fast (leak 1.0),B-drive,4,32,560,5.0,1,20260830,2800,5.231
esn-fast (leak 1.0),A-readout,8,2,5,560.0,1,20260830,2800,0.912
esn-fast (leak 1.0),A-readout,8,4,14,200.0,1,20260830,2800,0.919
esn-fast (leak 1.0),A-readout,8,8,44,63.636,1,20260830,2800,0.96
esn-fast (leak 1.0),A-readout,8,16,152,18.421,1,20260830,2800,1.144
esn-fast (leak 1.0),A-readout,8,32,560,5.0,1,20260830,2800,1.884
esn-fast (leak 1.0),B-drive,8,2,5,560.0,1,20260830,2800,1.652
esn-fast (leak 1.0),B-drive,8,4,14,200.0,1,20260830,2800,2.297
esn-fast (leak 1.0),B-drive,8,8,44,63.636,1,20260830,2800,2.397
esn-fast (leak 1.0),B-drive,8,16,152,18.421,1,20260830,2800,2.62
esn-fast (leak 1.0),B-drive,8,32,560,5.0,1,20260830,2800,3.355
esn-mid (leak 0.3),A-readout,1,2,5,560.0,1,20260830,2800,0.993
esn-mid (leak 0.3),A-readout,1,4,14,200.0,1,20260830,2800,1.646
esn-mid (leak 0.3),A-readout,1,8,44,63.636,1,20260830,2800,2.645
esn-mid (leak 0.3),A-readout,1,16,152,18.421,1,20260830,2800,4.144
esn-mid (leak 0.3),A-readout,1,32,560,5.0,1,20260830,2800,6.21
esn-mid (leak 0.3),B-drive,1,2,5,560.0,1,20260830,2800,0.993
esn-mid (leak 0.3),B-drive,1,4,14,200.0,1,20260830,2800,1.646
esn-mid (leak 0.3),B-drive,1,8,44,63.636,1,20260830,2800,2.645
esn-mid (leak 0.3),B-drive,1,16,152,18.421,1,20260830,2800,4.144
esn-mid (leak 0.3),B-drive,1,32,560,5.0,1,20260830,2800,6.21
esn-mid (leak 0.3),A-readout,2,2,5,560.0,1,20260830,2800,0.686
esn-mid (leak 0.3),A-readout,2,4,14,200.0,1,20260830,2800,1.129
esn-mid (leak 0.3),A-readout,2,8,44,63.636,1,20260830,2800,1.804
esn-mid (leak 0.3),A-readout,2,16,152,18.421,1,20260830,2800,2.82
esn-mid (leak 0.3),A-readout,2,32,560,5.0,1,20260830,2800,4.195
esn-mid (leak 0.3),B-drive,2,2,5,560.0,1,20260830,2800,1.546
esn-mid (leak 0.3),B-drive,2,4,14,200.0,1,20260830,2800,2.44
esn-mid (leak 0.3),B-drive,2,8,44,63.636,1,20260830,2800,3.81
esn-mid (leak 0.3),B-drive,2,16,152,18.421,1,20260830,2800,5.679
esn-mid (leak 0.3),B-drive,2,32,560,5.0,1,20260830,2800,7.226
esn-mid (leak 0.3),A-readout,4,2,5,560.0,1,20260830,2800,0.534
esn-mid (leak 0.3),A-readout,4,4,14,200.0,1,20260830,2800,0.899
esn-mid (leak 0.3),A-readout,4,8,44,63.636,1,20260830,2800,1.352
esn-mid (leak 0.3),A-readout,4,16,152,18.421,1,20260830,2800,1.682
esn-mid (leak 0.3),A-readout,4,32,560,5.0,1,20260830,2800,2.308
esn-mid (leak 0.3),B-drive,4,2,5,560.0,1,20260830,2800,1.887
esn-mid (leak 0.3),B-drive,4,4,14,200.0,1,20260830,2800,3.112
esn-mid (leak 0.3),B-drive,4,8,44,63.636,1,20260830,2800,4.667
esn-mid (leak 0.3),B-drive,4,16,152,18.421,1,20260830,2800,5.943
esn-mid (leak 0.3),B-drive,4,32,560,5.0,1,20260830,2800,6.76
esn-mid (leak 0.3),A-readout,8,2,5,560.0,1,20260830,2800,0.293
esn-mid (leak 0.3),A-readout,8,4,14,200.0,1,20260830,2800,0.455
esn-mid (leak 0.3),A-readout,8,8,44,63.636,1,20260830,2800,0.554
esn-mid (leak 0.3),A-readout,8,16,152,18.421,1,20260830,2800,0.758
esn-mid (leak 0.3),A-readout,8,32,560,5.0,1,20260830,2800,1.484
esn-mid (leak 0.3),B-drive,8,2,5,560.0,1,20260830,2800,1.962
esn-mid (leak 0.3),B-drive,8,4,14,200.0,1,20260830,2800,3.306
esn-mid (leak 0.3),B-drive,8,8,44,63.636,1,20260830,2800,4.259
esn-mid (leak 0.3),B-drive,8,16,152,18.421,1,20260830,2800,4.6
esn-mid (leak 0.3),B-drive,8,32,560,5.0,1,20260830,2800,5.312
esn-slow (leak 0.1),A-readout,1,2,5,560.0,1,20260830,2800,0.473
esn-slow (leak 0.1),A-readout,1,4,14,200.0,1,20260830,2800,0.757
esn-slow (leak 0.1),A-readout,1,8,44,63.636,1,20260830,2800,1.267
esn-slow (leak 0.1),A-readout,1,16,152,18.421,1,20260830,2800,1.955
esn-slow (leak 0.1),A-readout,1,32,560,5.0,1,20260830,2800,3.517
esn-slow (leak 0.1),B-drive,1,2,5,560.0,1,20260830,2800,0.473
esn-slow (leak 0.1),B-drive,1,4,14,200.0,1,20260830,2800,0.757
esn-slow (leak 0.1),B-drive,1,8,44,63.636,1,20260830,2800,1.267
esn-slow (leak 0.1),B-drive,1,16,152,18.421,1,20260830,2800,1.955
esn-slow (leak 0.1),B-drive,1,32,560,5.0,1,20260830,2800,3.517
esn-slow (leak 0.1),A-readout,2,2,5,560.0,1,20260830,2800,0.301
esn-slow (leak 0.1),A-readout,2,4,14,200.0,1,20260830,2800,0.545
esn-slow (leak 0.1),A-readout,2,8,44,63.636,1,20260830,2800,0.961
esn-slow (leak 0.1),A-readout,2,16,152,18.421,1,20260830,2800,1.589
esn-slow (leak 0.1),A-readout,2,32,560,5.0,1,20260830,2800,3.023
esn-slow (leak 0.1),B-drive,2,2,5,560.0,1,20260830,2800,0.622
esn-slow (leak 0.1),B-drive,2,4,14,200.0,1,20260830,2800,1.126
esn-slow (leak 0.1),B-drive,2,8,44,63.636,1,20260830,2800,1.842
esn-slow (leak 0.1),B-drive,2,16,152,18.421,1,20260830,2800,2.891
esn-slow (leak 0.1),B-drive,2,32,560,5.0,1,20260830,2800,4.604
esn-slow (leak 0.1),A-readout,4,2,5,560.0,1,20260830,2800,0.268
esn-slow (leak 0.1),A-readout,4,4,14,200.0,1,20260830,2800,0.441
esn-slow (leak 0.1),A-readout,4,8,44,63.636,1,20260830,2800,0.693
esn-slow (leak 0.1),A-readout,4,16,152,18.421,1,20260830,2800,1.057
esn-slow (leak 0.1),A-readout,4,32,560,5.0,1,20260830,2800,1.885
esn-slow (leak 0.1),B-drive,4,2,5,560.0,1,20260830,2800,1.032
esn-slow (leak 0.1),B-drive,4,4,14,200.0,1,20260830,2800,1.715
esn-slow (leak 0.1),B-drive,4,8,44,63.636,1,20260830,2800,2.75
esn-slow (leak 0.1),B-drive,4,16,152,18.421,1,20260830,2800,4.282
esn-slow (leak 0.1),B-drive,4,32,560,5.0,1,20260830,2800,6.046
esn-slow (leak 0.1),A-readout,8,2,5,560.0,1,20260830,2800,0.151
esn-slow (leak 0.1),A-readout,8,4,14,200.0,1,20260830,2800,0.227
esn-slow (leak 0.1),A-readout,8,8,44,63.636,1,20260830,2800,0.345
esn-slow (leak 0.1),A-readout,8,16,152,18.421,1,20260830,2800,0.625
esn-slow (leak 0.1),A-readout,8,32,560,5.0,1,20260830,2800,1.362
esn-slow (leak 0.1),B-drive,8,2,5,560.0,1,20260830,2800,1.59
esn-slow (leak 0.1),B-drive,8,4,14,200.0,1,20260830,2800,2.52
esn-slow (leak 0.1),B-drive,8,8,44,63.636,1,20260830,2800,3.884
esn-slow (leak 0.1),B-drive,8,16,152,18.421,1,20260830,2800,5.392
esn-slow (leak 0.1),B-drive,8,32,560,5.0,1,20260830,2800,6.68
esn-fast (leak 1.0),A-readout,1,2,5,560.0,1,20260831,2800,2.003
esn-fast (leak 1.0),A-readout,1,4,14,200.0,1,20260831,2800,3.978
esn-fast (leak 1.0),A-readout,1,8,44,63.636,1,20260831,2800,7.665
esn-fast (leak 1.0),A-readout,1,16,152,18.421,1,20260831,2800,10.654
esn-fast (leak 1.0),A-readout,1,32,560,5.0,1,20260831,2800,11.346
esn-fast (leak 1.0),B-drive,1,2,5,560.0,1,20260831,2800,2.003
esn-fast (leak 1.0),B-drive,1,4,14,200.0,1,20260831,2800,3.978
esn-fast (leak 1.0),B-drive,1,8,44,63.636,1,20260831,2800,7.665
esn-fast (leak 1.0),B-drive,1,16,152,18.421,1,20260831,2800,10.654
esn-fast (leak 1.0),B-drive,1,32,560,5.0,1,20260831,2800,11.346
esn-fast (leak 1.0),A-readout,2,2,5,560.0,1,20260831,2800,1.964
esn-fast (leak 1.0),A-readout,2,4,14,200.0,1,20260831,2800,3.759
esn-fast (leak 1.0),A-readout,2,8,44,63.636,1,20260831,2800,4.91
esn-fast (leak 1.0),A-readout,2,16,152,18.421,1,20260831,2800,5.078
esn-fast (leak 1.0),A-readout,2,32,560,5.0,1,20260831,2800,5.751
esn-fast (leak 1.0),B-drive,2,2,5,560.0,1,20260831,2800,2.01
esn-fast (leak 1.0),B-drive,2,4,14,200.0,1,20260831,2800,3.895
esn-fast (leak 1.0),B-drive,2,8,44,63.636,1,20260831,2800,6.051
esn-fast (leak 1.0),B-drive,2,16,152,18.421,1,20260831,2800,6.302
esn-fast (leak 1.0),B-drive,2,32,560,5.0,1,20260831,2800,7.0
esn-fast (leak 1.0),A-readout,4,2,5,560.0,1,20260831,2800,1.815
esn-fast (leak 1.0),A-readout,4,4,14,200.0,1,20260831,2800,2.167
esn-fast (leak 1.0),A-readout,4,8,44,63.636,1,20260831,2800,2.21
esn-fast (leak 1.0),A-readout,4,16,152,18.421,1,20260831,2800,2.414
esn-fast (leak 1.0),A-readout,4,32,560,5.0,1,20260831,2800,3.131
esn-fast (leak 1.0),B-drive,4,2,5,560.0,1,20260831,2800,1.935
esn-fast (leak 1.0),B-drive,4,4,14,200.0,1,20260831,2800,3.096
esn-fast (leak 1.0),B-drive,4,8,44,63.636,1,20260831,2800,3.225
esn-fast (leak 1.0),B-drive,4,16,152,18.421,1,20260831,2800,3.442
esn-fast (leak 1.0),B-drive,4,32,560,5.0,1,20260831,2800,4.224
esn-fast (leak 1.0),A-readout,8,2,5,560.0,1,20260831,2800,0.923
esn-fast (leak 1.0),A-readout,8,4,14,200.0,1,20260831,2800,0.951
esn-fast (leak 1.0),A-readout,8,8,44,63.636,1,20260831,2800,0.996
esn-fast (leak 1.0),A-readout,8,16,152,18.421,1,20260831,2800,1.213
esn-fast (leak 1.0),A-readout,8,32,560,5.0,1,20260831,2800,1.916
esn-fast (leak 1.0),B-drive,8,2,5,560.0,1,20260831,2800,1.356
esn-fast (leak 1.0),B-drive,8,4,14,200.0,1,20260831,2800,1.394
esn-fast (leak 1.0),B-drive,8,8,44,63.636,1,20260831,2800,1.451
esn-fast (leak 1.0),B-drive,8,16,152,18.421,1,20260831,2800,1.662
esn-fast (leak 1.0),B-drive,8,32,560,5.0,1,20260831,2800,2.438
esn-mid (leak 0.3),A-readout,1,2,5,560.0,1,20260831,2800,0.914
esn-mid (leak 0.3),A-readout,1,4,14,200.0,1,20260831,2800,1.463
esn-mid (leak 0.3),A-readout,1,8,44,63.636,1,20260831,2800,2.354
esn-mid (leak 0.3),A-readout,1,16,152,18.421,1,20260831,2800,3.72
esn-mid (leak 0.3),A-readout,1,32,560,5.0,1,20260831,2800,5.612
esn-mid (leak 0.3),B-drive,1,2,5,560.0,1,20260831,2800,0.914
esn-mid (leak 0.3),B-drive,1,4,14,200.0,1,20260831,2800,1.463
esn-mid (leak 0.3),B-drive,1,8,44,63.636,1,20260831,2800,2.354
esn-mid (leak 0.3),B-drive,1,16,152,18.421,1,20260831,2800,3.72
esn-mid (leak 0.3),B-drive,1,32,560,5.0,1,20260831,2800,5.612
esn-mid (leak 0.3),A-readout,2,2,5,560.0,1,20260831,2800,0.74
esn-mid (leak 0.3),A-readout,2,4,14,200.0,1,20260831,2800,1.23
esn-mid (leak 0.3),A-readout,2,8,44,63.636,1,20260831,2800,2.001
esn-mid (leak 0.3),A-readout,2,16,152,18.421,1,20260831,2800,3.039
esn-mid (leak 0.3),A-readout,2,32,560,5.0,1,20260831,2800,4.419
esn-mid (leak 0.3),B-drive,2,2,5,560.0,1,20260831,2800,1.48
esn-mid (leak 0.3),B-drive,2,4,14,200.0,1,20260831,2800,2.278
esn-mid (leak 0.3),B-drive,2,8,44,63.636,1,20260831,2800,3.445
esn-mid (leak 0.3),B-drive,2,16,152,18.421,1,20260831,2800,4.939
esn-mid (leak 0.3),B-drive,2,32,560,5.0,1,20260831,2800,6.646
esn-mid (leak 0.3),A-readout,4,2,5,560.0,1,20260831,2800,0.5
esn-mid (leak 0.3),A-readout,4,4,14,200.0,1,20260831,2800,0.791
esn-mid (leak 0.3),A-readout,4,8,44,63.636,1,20260831,2800,1.162
esn-mid (leak 0.3),A-readout,4,16,152,18.421,1,20260831,2800,1.543
esn-mid (leak 0.3),A-readout,4,32,560,5.0,1,20260831,2800,2.202
esn-mid (leak 0.3),B-drive,4,2,5,560.0,1,20260831,2800,1.908
esn-mid (leak 0.3),B-drive,4,4,14,200.0,1,20260831,2800,3.022
esn-mid (leak 0.3),B-drive,4,8,44,63.636,1,20260831,2800,4.31
esn-mid (leak 0.3),B-drive,4,16,152,18.421,1,20260831,2800,5.485
esn-mid (leak 0.3),B-drive,4,32,560,5.0,1,20260831,2800,6.22
esn-mid (leak 0.3),A-readout,8,2,5,560.0,1,20260831,2800,0.266
esn-mid (leak 0.3),A-readout,8,4,14,200.0,1,20260831,2800,0.452
esn-mid (leak 0.3),A-readout,8,8,44,63.636,1,20260831,2800,0.618
esn-mid (leak 0.3),A-readout,8,16,152,18.421,1,20260831,2800,0.765
esn-mid (leak 0.3),A-readout,8,32,560,5.0,1,20260831,2800,1.51
esn-mid (leak 0.3),B-drive,8,2,5,560.0,1,20260831,2800,1.96
esn-mid (leak 0.3),B-drive,8,4,14,200.0,1,20260831,2800,3.194
esn-mid (leak 0.3),B-drive,8,8,44,63.636,1,20260831,2800,3.986
esn-mid (leak 0.3),B-drive,8,16,152,18.421,1,20260831,2800,4.237
esn-mid (leak 0.3),B-drive,8,32,560,5.0,1,20260831,2800,4.847
esn-slow (leak 0.1),A-readout,1,2,5,560.0,1,20260831,2800,0.427
esn-slow (leak 0.1),A-readout,1,4,14,200.0,1,20260831,2800,0.7
esn-slow (leak 0.1),A-readout,1,8,44,63.636,1,20260831,2800,1.197
esn-slow (leak 0.1),A-readout,1,16,152,18.421,1,20260831,2800,1.92
esn-slow (leak 0.1),A-readout,1,32,560,5.0,1,20260831,2800,3.218
esn-slow (leak 0.1),B-drive,1,2,5,560.0,1,20260831,2800,0.427
esn-slow (leak 0.1),B-drive,1,4,14,200.0,1,20260831,2800,0.7
esn-slow (leak 0.1),B-drive,1,8,44,63.636,1,20260831,2800,1.197
esn-slow (leak 0.1),B-drive,1,16,152,18.421,1,20260831,2800,1.92
esn-slow (leak 0.1),B-drive,1,32,560,5.0,1,20260831,2800,3.218
esn-slow (leak 0.1),A-readout,2,2,5,560.0,1,20260831,2800,0.368
esn-slow (leak 0.1),A-readout,2,4,14,200.0,1,20260831,2800,0.661
esn-slow (leak 0.1),A-readout,2,8,44,63.636,1,20260831,2800,1.071
esn-slow (leak 0.1),A-readout,2,16,152,18.421,1,20260831,2800,1.775
esn-slow (leak 0.1),A-readout,2,32,560,5.0,1,20260831,2800,3.3
esn-slow (leak 0.1),B-drive,2,2,5,560.0,1,20260831,2800,0.57
esn-slow (leak 0.1),B-drive,2,4,14,200.0,1,20260831,2800,1.042
esn-slow (leak 0.1),B-drive,2,8,44,63.636,1,20260831,2800,1.728
esn-slow (leak 0.1),B-drive,2,16,152,18.421,1,20260831,2800,2.765
esn-slow (leak 0.1),B-drive,2,32,560,5.0,1,20260831,2800,4.424
esn-slow (leak 0.1),A-readout,4,2,5,560.0,1,20260831,2800,0.25
esn-slow (leak 0.1),A-readout,4,4,14,200.0,1,20260831,2800,0.38
esn-slow (leak 0.1),A-readout,4,8,44,63.636,1,20260831,2800,0.589
esn-slow (leak 0.1),A-readout,4,16,152,18.421,1,20260831,2800,0.95
esn-slow (leak 0.1),A-readout,4,32,560,5.0,1,20260831,2800,1.782
esn-slow (leak 0.1),B-drive,4,2,5,560.0,1,20260831,2800,0.972
esn-slow (leak 0.1),B-drive,4,4,14,200.0,1,20260831,2800,1.542
esn-slow (leak 0.1),B-drive,4,8,44,63.636,1,20260831,2800,2.436
esn-slow (leak 0.1),B-drive,4,16,152,18.421,1,20260831,2800,3.756
esn-slow (leak 0.1),B-drive,4,32,560,5.0,1,20260831,2800,5.552
esn-slow (leak 0.1),A-readout,8,2,5,560.0,1,20260831,2800,0.182
esn-slow (leak 0.1),A-readout,8,4,14,200.0,1,20260831,2800,0.315
esn-slow (leak 0.1),A-readout,8,8,44,63.636,1,20260831,2800,0.553
esn-slow (leak 0.1),A-readout,8,16,152,18.421,1,20260831,2800,1.033
esn-slow (leak 0.1),A-readout,8,32,560,5.0,1,20260831,2800,1.864
esn-slow (leak 0.1),B-drive,8,2,5,560.0,1,20260831,2800,1.542
esn-slow (leak 0.1),B-drive,8,4,14,200.0,1,20260831,2800,2.343
esn-slow (leak 0.1),B-drive,8,8,44,63.636,1,20260831,2800,3.477
esn-slow (leak 0.1),B-drive,8,16,152,18.421,1,20260831,2800,4.858
esn-slow (leak 0.1),B-drive,8,32,560,5.0,1,20260831,2800,6.049
esn-fast (leak 1.0),A-readout,1,2,5,560.0,1,20260832,2800,2.005
esn-fast (leak 1.0),A-readout,1,4,14,200.0,1,20260832,2800,3.994
esn-fast (leak 1.0),A-readout,1,8,44,63.636,1,20260832,2800,7.726
esn-fast (leak 1.0),A-readout,1,16,152,18.421,1,20260832,2800,11.264
esn-fast (leak 1.0),A-readout,1,32,560,5.0,1,20260832,2800,12.085
esn-fast (leak 1.0),B-drive,1,2,5,560.0,1,20260832,2800,2.005
esn-fast (leak 1.0),B-drive,1,4,14,200.0,1,20260832,2800,3.994
esn-fast (leak 1.0),B-drive,1,8,44,63.636,1,20260832,2800,7.726
esn-fast (leak 1.0),B-drive,1,16,152,18.421,1,20260832,2800,11.264
esn-fast (leak 1.0),B-drive,1,32,560,5.0,1,20260832,2800,12.085
esn-fast (leak 1.0),A-readout,2,2,5,560.0,1,20260832,2800,1.967
esn-fast (leak 1.0),A-readout,2,4,14,200.0,1,20260832,2800,3.782
esn-fast (leak 1.0),A-readout,2,8,44,63.636,1,20260832,2800,5.185
esn-fast (leak 1.0),A-readout,2,16,152,18.421,1,20260832,2800,5.448
esn-fast (leak 1.0),A-readout,2,32,560,5.0,1,20260832,2800,6.357
esn-fast (leak 1.0),B-drive,2,2,5,560.0,1,20260832,2800,1.997
esn-fast (leak 1.0),B-drive,2,4,14,200.0,1,20260832,2800,3.919
esn-fast (leak 1.0),B-drive,2,8,44,63.636,1,20260832,2800,6.273
esn-fast (leak 1.0),B-drive,2,16,152,18.421,1,20260832,2800,6.47
esn-fast (leak 1.0),B-drive,2,32,560,5.0,1,20260832,2800,7.284
esn-fast (leak 1.0),A-readout,4,2,5,560.0,1,20260832,2800,1.859
esn-fast (leak 1.0),A-readout,4,4,14,200.0,1,20260832,2800,2.369
esn-fast (leak 1.0),A-readout,4,8,44,63.636,1,20260832,2800,2.44
esn-fast (leak 1.0),A-readout,4,16,152,18.421,1,20260832,2800,2.644
esn-fast (leak 1.0),A-readout,4,32,560,5.0,1,20260832,2800,3.328
esn-fast (leak 1.0),B-drive,4,2,5,560.0,1,20260832,2800,1.971
esn-fast (leak 1.0),B-drive,4,4,14,200.0,1,20260832,2800,3.358
esn-fast (leak 1.0),B-drive,4,8,44,63.636,1,20260832,2800,3.6
esn-fast (leak 1.0),B-drive,4,16,152,18.421,1,20260832,2800,3.756
esn-fast (leak 1.0),B-drive,4,32,560,5.0,1,20260832,2800,4.492
esn-fast (leak 1.0),A-readout,8,2,5,560.0,1,20260832,2800,0.913
esn-fast (leak 1.0),A-readout,8,4,14,200.0,1,20260832,2800,0.927
esn-fast (leak 1.0),A-readout,8,8,44,63.636,1,20260832,2800,0.986
esn-fast (leak 1.0),A-readout,8,16,152,18.421,1,20260832,2800,1.153
esn-fast (leak 1.0),A-readout,8,32,560,5.0,1,20260832,2800,1.999
esn-fast (leak 1.0),B-drive,8,2,5,560.0,1,20260832,2800,1.704
esn-fast (leak 1.0),B-drive,8,4,14,200.0,1,20260832,2800,2.023
esn-fast (leak 1.0),B-drive,8,8,44,63.636,1,20260832,2800,2.061
esn-fast (leak 1.0),B-drive,8,16,152,18.421,1,20260832,2800,2.213
esn-fast (leak 1.0),B-drive,8,32,560,5.0,1,20260832,2800,2.943
esn-mid (leak 0.3),A-readout,1,2,5,560.0,1,20260832,2800,0.952
esn-mid (leak 0.3),A-readout,1,4,14,200.0,1,20260832,2800,1.49
esn-mid (leak 0.3),A-readout,1,8,44,63.636,1,20260832,2800,2.338
esn-mid (leak 0.3),A-readout,1,16,152,18.421,1,20260832,2800,3.671
esn-mid (leak 0.3),A-readout,1,32,560,5.0,1,20260832,2800,5.776
esn-mid (leak 0.3),B-drive,1,2,5,560.0,1,20260832,2800,0.952
esn-mid (leak 0.3),B-drive,1,4,14,200.0,1,20260832,2800,1.49
esn-mid (leak 0.3),B-drive,1,8,44,63.636,1,20260832,2800,2.338
esn-mid (leak 0.3),B-drive,1,16,152,18.421,1,20260832,2800,3.671
esn-mid (leak 0.3),B-drive,1,32,560,5.0,1,20260832,2800,5.776
esn-mid (leak 0.3),A-readout,2,2,5,560.0,1,20260832,2800,0.582
esn-mid (leak 0.3),A-readout,2,4,14,200.0,1,20260832,2800,0.911
esn-mid (leak 0.3),A-readout,2,8,44,63.636,1,20260832,2800,1.335
esn-mid (leak 0.3),A-readout,2,16,152,18.421,1,20260832,2800,1.875
esn-mid (leak 0.3),A-readout,2,32,560,5.0,1,20260832,2800,3.064
esn-mid (leak 0.3),B-drive,2,2,5,560.0,1,20260832,2800,1.522
esn-mid (leak 0.3),B-drive,2,4,14,200.0,1,20260832,2800,2.324
esn-mid (leak 0.3),B-drive,2,8,44,63.636,1,20260832,2800,3.417
esn-mid (leak 0.3),B-drive,2,16,152,18.421,1,20260832,2800,4.932
esn-mid (leak 0.3),B-drive,2,32,560,5.0,1,20260832,2800,6.711
esn-mid (leak 0.3),A-readout,4,2,5,560.0,1,20260832,2800,0.451
esn-mid (leak 0.3),A-readout,4,4,14,200.0,1,20260832,2800,0.758
esn-mid (leak 0.3),A-readout,4,8,44,63.636,1,20260832,2800,1.117
esn-mid (leak 0.3),A-readout,4,16,152,18.421,1,20260832,2800,1.512
esn-mid (leak 0.3),A-readout,4,32,560,5.0,1,20260832,2800,2.22
esn-mid (leak 0.3),B-drive,4,2,5,560.0,1,20260832,2800,1.897
esn-mid (leak 0.3),B-drive,4,4,14,200.0,1,20260832,2800,3.021
esn-mid (leak 0.3),B-drive,4,8,44,63.636,1,20260832,2800,4.289
esn-mid (leak 0.3),B-drive,4,16,152,18.421,1,20260832,2800,5.388
esn-mid (leak 0.3),B-drive,4,32,560,5.0,1,20260832,2800,6.215
esn-mid (leak 0.3),A-readout,8,2,5,560.0,1,20260832,2800,0.338
esn-mid (leak 0.3),A-readout,8,4,14,200.0,1,20260832,2800,0.498
esn-mid (leak 0.3),A-readout,8,8,44,63.636,1,20260832,2800,0.733
esn-mid (leak 0.3),A-readout,8,16,152,18.421,1,20260832,2800,0.933
esn-mid (leak 0.3),A-readout,8,32,560,5.0,1,20260832,2800,1.755
esn-mid (leak 0.3),B-drive,8,2,5,560.0,1,20260832,2800,1.97
esn-mid (leak 0.3),B-drive,8,4,14,200.0,1,20260832,2800,3.236
esn-mid (leak 0.3),B-drive,8,8,44,63.636,1,20260832,2800,4.046
esn-mid (leak 0.3),B-drive,8,16,152,18.421,1,20260832,2800,4.222
esn-mid (leak 0.3),B-drive,8,32,560,5.0,1,20260832,2800,5.03
esn-slow (leak 0.1),A-readout,1,2,5,560.0,1,20260832,2800,0.385
esn-slow (leak 0.1),A-readout,1,4,14,200.0,1,20260832,2800,0.667
esn-slow (leak 0.1),A-readout,1,8,44,63.636,1,20260832,2800,1.18
esn-slow (leak 0.1),A-readout,1,16,152,18.421,1,20260832,2800,1.939
esn-slow (leak 0.1),A-readout,1,32,560,5.0,1,20260832,2800,3.331
esn-slow (leak 0.1),B-drive,1,2,5,560.0,1,20260832,2800,0.385
esn-slow (leak 0.1),B-drive,1,4,14,200.0,1,20260832,2800,0.667
esn-slow (leak 0.1),B-drive,1,8,44,63.636,1,20260832,2800,1.18
esn-slow (leak 0.1),B-drive,1,16,152,18.421,1,20260832,2800,1.939
esn-slow (leak 0.1),B-drive,1,32,560,5.0,1,20260832,2800,3.331
esn-slow (leak 0.1),A-readout,2,2,5,560.0,1,20260832,2800,0.214
esn-slow (leak 0.1),A-readout,2,4,14,200.0,1,20260832,2800,0.372
esn-slow (leak 0.1),A-readout,2,8,44,63.636,1,20260832,2800,0.587
esn-slow (leak 0.1),A-readout,2,16,152,18.421,1,20260832,2800,1.06
esn-slow (leak 0.1),A-readout,2,32,560,5.0,1,20260832,2800,2.237
esn-slow (leak 0.1),B-drive,2,2,5,560.0,1,20260832,2800,0.542
esn-slow (leak 0.1),B-drive,2,4,14,200.0,1,20260832,2800,0.944
esn-slow (leak 0.1),B-drive,2,8,44,63.636,1,20260832,2800,1.601
esn-slow (leak 0.1),B-drive,2,16,152,18.421,1,20260832,2800,2.674
esn-slow (leak 0.1),B-drive,2,32,560,5.0,1,20260832,2800,4.407
esn-slow (leak 0.1),A-readout,4,2,5,560.0,1,20260832,2800,0.257
esn-slow (leak 0.1),A-readout,4,4,14,200.0,1,20260832,2800,0.4
esn-slow (leak 0.1),A-readout,4,8,44,63.636,1,20260832,2800,0.594
esn-slow (leak 0.1),A-readout,4,16,152,18.421,1,20260832,2800,1.011
esn-slow (leak 0.1),A-readout,4,32,560,5.0,1,20260832,2800,2.013
esn-slow (leak 0.1),B-drive,4,2,5,560.0,1,20260832,2800,0.986
esn-slow (leak 0.1),B-drive,4,4,14,200.0,1,20260832,2800,1.545
esn-slow (leak 0.1),B-drive,4,8,44,63.636,1,20260832,2800,2.404
esn-slow (leak 0.1),B-drive,4,16,152,18.421,1,20260832,2800,3.729
esn-slow (leak 0.1),B-drive,4,32,560,5.0,1,20260832,2800,5.722
esn-slow (leak 0.1),A-readout,8,2,5,560.0,1,20260832,2800,0.153
esn-slow (leak 0.1),A-readout,8,4,14,200.0,1,20260832,2800,0.258
esn-slow (leak 0.1),A-readout,8,8,44,63.636,1,20260832,2800,0.487
esn-slow (leak 0.1),A-readout,8,16,152,18.421,1,20260832,2800,0.851
esn-slow (leak 0.1),A-readout,8,32,560,5.0,1,20260832,2800,1.718
esn-slow (leak 0.1),B-drive,8,2,5,560.0,1,20260832,2800,1.543
esn-slow (leak 0.1),B-drive,8,4,14,200.0,1,20260832,2800,2.353
esn-slow (leak 0.1),B-drive,8,8,44,63.636,1,20260832,2800,3.433
esn-slow (leak 0.1),B-drive,8,16,152,18.421,1,20260832,2800,4.765
esn-slow (leak 0.1),B-drive,8,32,560,5.0,1,20260832,2800,6.026
esn-fast (leak 1.0),A-readout,1,2,5,560.0,1,20260833,2800,2.001
esn-fast (leak 1.0),A-readout,1,4,14,200.0,1,20260833,2800,3.996
esn-fast (leak 1.0),A-readout,1,8,44,63.636,1,20260833,2800,7.225
esn-fast (leak 1.0),A-readout,1,16,152,18.421,1,20260833,2800,9.242
esn-fast (leak 1.0),A-readout,1,32,560,5.0,1,20260833,2800,9.953
esn-fast (leak 1.0),B-drive,1,2,5,560.0,1,20260833,2800,2.001
esn-fast (leak 1.0),B-drive,1,4,14,200.0,1,20260833,2800,3.996
esn-fast (leak 1.0),B-drive,1,8,44,63.636,1,20260833,2800,7.225
esn-fast (leak 1.0),B-drive,1,16,152,18.421,1,20260833,2800,9.242
esn-fast (leak 1.0),B-drive,1,32,560,5.0,1,20260833,2800,9.953
esn-fast (leak 1.0),A-readout,2,2,5,560.0,1,20260833,2800,1.957
esn-fast (leak 1.0),A-readout,2,4,14,200.0,1,20260833,2800,3.524
esn-fast (leak 1.0),A-readout,2,8,44,63.636,1,20260833,2800,4.323
esn-fast (leak 1.0),A-readout,2,16,152,18.421,1,20260833,2800,4.539
esn-fast (leak 1.0),A-readout,2,32,560,5.0,1,20260833,2800,5.264
esn-fast (leak 1.0),B-drive,2,2,5,560.0,1,20260833,2800,1.993
esn-fast (leak 1.0),B-drive,2,4,14,200.0,1,20260833,2800,3.773
esn-fast (leak 1.0),B-drive,2,8,44,63.636,1,20260833,2800,5.469
esn-fast (leak 1.0),B-drive,2,16,152,18.421,1,20260833,2800,5.696
esn-fast (leak 1.0),B-drive,2,32,560,5.0,1,20260833,2800,6.46
esn-fast (leak 1.0),A-readout,4,2,5,560.0,1,20260833,2800,1.603
esn-fast (leak 1.0),A-readout,4,4,14,200.0,1,20260833,2800,1.894
esn-fast (leak 1.0),A-readout,4,8,44,63.636,1,20260833,2800,1.956
esn-fast (leak 1.0),A-readout,4,16,152,18.421,1,20260833,2800,2.223
esn-fast (leak 1.0),A-readout,4,32,560,5.0,1,20260833,2800,3.028
esn-fast (leak 1.0),B-drive,4,2,5,560.0,1,20260833,2800,1.867
esn-fast (leak 1.0),B-drive,4,4,14,200.0,1,20260833,2800,2.935
esn-fast (leak 1.0),B-drive,4,8,44,63.636,1,20260833,2800,3.116
esn-fast (leak 1.0),B-drive,4,16,152,18.421,1,20260833,2800,3.333
esn-fast (leak 1.0),B-drive,4,32,560,5.0,1,20260833,2800,4.078
esn-fast (leak 1.0),A-readout,8,2,5,560.0,1,20260833,2800,0.679
esn-fast (leak 1.0),A-readout,8,4,14,200.0,1,20260833,2800,0.687
esn-fast (leak 1.0),A-readout,8,8,44,63.636,1,20260833,2800,0.76
esn-fast (leak 1.0),A-readout,8,16,152,18.421,1,20260833,2800,0.946
esn-fast (leak 1.0),A-readout,8,32,560,5.0,1,20260833,2800,1.784
esn-fast (leak 1.0),B-drive,8,2,5,560.0,1,20260833,2800,1.278
esn-fast (leak 1.0),B-drive,8,4,14,200.0,1,20260833,2800,1.325
esn-fast (leak 1.0),B-drive,8,8,44,63.636,1,20260833,2800,1.37
esn-fast (leak 1.0),B-drive,8,16,152,18.421,1,20260833,2800,1.619
esn-fast (leak 1.0),B-drive,8,32,560,5.0,1,20260833,2800,2.341
esn-mid (leak 0.3),A-readout,1,2,5,560.0,1,20260833,2800,0.953
esn-mid (leak 0.3),A-readout,1,4,14,200.0,1,20260833,2800,1.486
esn-mid (leak 0.3),A-readout,1,8,44,63.636,1,20260833,2800,2.292
esn-mid (leak 0.3),A-readout,1,16,152,18.421,1,20260833,2800,3.42
esn-mid (leak 0.3),A-readout,1,32,560,5.0,1,20260833,2800,5.124
esn-mid (leak 0.3),B-drive,1,2,5,560.0,1,20260833,2800,0.953
esn-mid (leak 0.3),B-drive,1,4,14,200.0,1,20260833,2800,1.486
esn-mid (leak 0.3),B-drive,1,8,44,63.636,1,20260833,2800,2.292
esn-mid (leak 0.3),B-drive,1,16,152,18.421,1,20260833,2800,3.42
esn-mid (leak 0.3),B-drive,1,32,560,5.0,1,20260833,2800,5.124
esn-mid (leak 0.3),A-readout,2,2,5,560.0,1,20260833,2800,0.616
esn-mid (leak 0.3),A-readout,2,4,14,200.0,1,20260833,2800,0.922
esn-mid (leak 0.3),A-readout,2,8,44,63.636,1,20260833,2800,1.291
esn-mid (leak 0.3),A-readout,2,16,152,18.421,1,20260833,2800,1.871
esn-mid (leak 0.3),A-readout,2,32,560,5.0,1,20260833,2800,2.777
esn-mid (leak 0.3),B-drive,2,2,5,560.0,1,20260833,2800,1.457
esn-mid (leak 0.3),B-drive,2,4,14,200.0,1,20260833,2800,2.218
esn-mid (leak 0.3),B-drive,2,8,44,63.636,1,20260833,2800,3.17
esn-mid (leak 0.3),B-drive,2,16,152,18.421,1,20260833,2800,4.215
esn-mid (leak 0.3),B-drive,2,32,560,5.0,1,20260833,2800,5.301
esn-mid (leak 0.3),A-readout,4,2,5,560.0,1,20260833,2800,0.42
esn-mid (leak 0.3),A-readout,4,4,14,200.0,1,20260833,2800,0.601
esn-mid (leak 0.3),A-readout,4,8,44,63.636,1,20260833,2800,0.825
esn-mid (leak 0.3),A-readout,4,16,152,18.421,1,20260833,2800,1.123
esn-mid (leak 0.3),A-readout,4,32,560,5.0,1,20260833,2800,1.923
esn-mid (leak 0.3),B-drive,4,2,5,560.0,1,20260833,2800,1.842
esn-mid (leak 0.3),B-drive,4,4,14,200.0,1,20260833,2800,2.784
esn-mid (leak 0.3),B-drive,4,8,44,63.636,1,20260833,2800,3.703
esn-mid (leak 0.3),B-drive,4,16,152,18.421,1,20260833,2800,4.22
esn-mid (leak 0.3),B-drive,4,32,560,5.0,1,20260833,2800,4.9
esn-mid (leak 0.3),A-readout,8,2,5,560.0,1,20260833,2800,0.275
esn-mid (leak 0.3),A-readout,8,4,14,200.0,1,20260833,2800,0.358
esn-mid (leak 0.3),A-readout,8,8,44,63.636,1,20260833,2800,0.453
esn-mid (leak 0.3),A-readout,8,16,152,18.421,1,20260833,2800,0.69
esn-mid (leak 0.3),A-readout,8,32,560,5.0,1,20260833,2800,1.409
esn-mid (leak 0.3),B-drive,8,2,5,560.0,1,20260833,2800,1.867
esn-mid (leak 0.3),B-drive,8,4,14,200.0,1,20260833,2800,2.612
esn-mid (leak 0.3),B-drive,8,8,44,63.636,1,20260833,2800,2.962
esn-mid (leak 0.3),B-drive,8,16,152,18.421,1,20260833,2800,3.157
esn-mid (leak 0.3),B-drive,8,32,560,5.0,1,20260833,2800,3.877
esn-slow (leak 0.1),A-readout,1,2,5,560.0,1,20260833,2800,0.407
esn-slow (leak 0.1),A-readout,1,4,14,200.0,1,20260833,2800,0.681
esn-slow (leak 0.1),A-readout,1,8,44,63.636,1,20260833,2800,1.178
esn-slow (leak 0.1),A-readout,1,16,152,18.421,1,20260833,2800,1.872
esn-slow (leak 0.1),A-readout,1,32,560,5.0,1,20260833,2800,3.149
esn-slow (leak 0.1),B-drive,1,2,5,560.0,1,20260833,2800,0.407
esn-slow (leak 0.1),B-drive,1,4,14,200.0,1,20260833,2800,0.681
esn-slow (leak 0.1),B-drive,1,8,44,63.636,1,20260833,2800,1.178
esn-slow (leak 0.1),B-drive,1,16,152,18.421,1,20260833,2800,1.872
esn-slow (leak 0.1),B-drive,1,32,560,5.0,1,20260833,2800,3.149
esn-slow (leak 0.1),A-readout,2,2,5,560.0,1,20260833,2800,0.21
esn-slow (leak 0.1),A-readout,2,4,14,200.0,1,20260833,2800,0.369
esn-slow (leak 0.1),A-readout,2,8,44,63.636,1,20260833,2800,0.629
esn-slow (leak 0.1),A-readout,2,16,152,18.421,1,20260833,2800,1.09
esn-slow (leak 0.1),A-readout,2,32,560,5.0,1,20260833,2800,2.161
esn-slow (leak 0.1),B-drive,2,2,5,560.0,1,20260833,2800,0.548
esn-slow (leak 0.1),B-drive,2,4,14,200.0,1,20260833,2800,0.958
esn-slow (leak 0.1),B-drive,2,8,44,63.636,1,20260833,2800,1.576
esn-slow (leak 0.1),B-drive,2,16,152,18.421,1,20260833,2800,2.49
esn-slow (leak 0.1),B-drive,2,32,560,5.0,1,20260833,2800,4.098
esn-slow (leak 0.1),A-readout,4,2,5,560.0,1,20260833,2800,0.18
esn-slow (leak 0.1),A-readout,4,4,14,200.0,1,20260833,2800,0.286
esn-slow (leak 0.1),A-readout,4,8,44,63.636,1,20260833,2800,0.484
esn-slow (leak 0.1),A-readout,4,16,152,18.421,1,20260833,2800,0.891
esn-slow (leak 0.1),A-readout,4,32,560,5.0,1,20260833,2800,1.739
esn-slow (leak 0.1),B-drive,4,2,5,560.0,1,20260833,2800,0.96
esn-slow (leak 0.1),B-drive,4,4,14,200.0,1,20260833,2800,1.491
esn-slow (leak 0.1),B-drive,4,8,44,63.636,1,20260833,2800,2.285
esn-slow (leak 0.1),B-drive,4,16,152,18.421,1,20260833,2800,3.36
esn-slow (leak 0.1),B-drive,4,32,560,5.0,1,20260833,2800,4.828
esn-slow (leak 0.1),A-readout,8,2,5,560.0,1,20260833,2800,0.158
esn-slow (leak 0.1),A-readout,8,4,14,200.0,1,20260833,2800,0.246
esn-slow (leak 0.1),A-readout,8,8,44,63.636,1,20260833,2800,0.383
esn-slow (leak 0.1),A-readout,8,16,152,18.421,1,20260833,2800,0.654
esn-slow (leak 0.1),A-readout,8,32,560,5.0,1,20260833,2800,1.239
esn-slow (leak 0.1),B-drive,8,2,5,560.0,1,20260833,2800,1.475
esn-slow (leak 0.1),B-drive,8,4,14,200.0,1,20260833,2800,2.23
esn-slow (leak 0.1),B-drive,8,8,44,63.636,1,20260833,2800,3.134
esn-slow (leak 0.1),B-drive,8,16,152,18.421,1,20260833,2800,3.978
esn-slow (leak 0.1),B-drive,8,32,560,5.0,1,20260833,2800,4.84
esn-fast (leak 1.0),A-readout,1,2,5,560.0,1,20260834,2800,1.99
esn-fast (leak 1.0),A-readout,1,4,14,200.0,1,20260834,2800,3.937
esn-fast (leak 1.0),A-readout,1,8,44,63.636,1,20260834,2800,7.506
esn-fast (leak 1.0),A-readout,1,16,152,18.421,1,20260834,2800,10.493
esn-fast (leak 1.0),A-readout,1,32,560,5.0,1,20260834,2800,11.277
esn-fast (leak 1.0),B-drive,1,2,5,560.0,1,20260834,2800,1.99
esn-fast (leak 1.0),B-drive,1,4,14,200.0,1,20260834,2800,3.937
esn-fast (leak 1.0),B-drive,1,8,44,63.636,1,20260834,2800,7.506
esn-fast (leak 1.0),B-drive,1,16,152,18.421,1,20260834,2800,10.493
esn-fast (leak 1.0),B-drive,1,32,560,5.0,1,20260834,2800,11.277
esn-fast (leak 1.0),A-readout,2,2,5,560.0,1,20260834,2800,1.956
esn-fast (leak 1.0),A-readout,2,4,14,200.0,1,20260834,2800,3.731
esn-fast (leak 1.0),A-readout,2,8,44,63.636,1,20260834,2800,5.062
esn-fast (leak 1.0),A-readout,2,16,152,18.421,1,20260834,2800,5.214
esn-fast (leak 1.0),A-readout,2,32,560,5.0,1,20260834,2800,5.852
esn-fast (leak 1.0),B-drive,2,2,5,560.0,1,20260834,2800,1.994
esn-fast (leak 1.0),B-drive,2,4,14,200.0,1,20260834,2800,3.808
esn-fast (leak 1.0),B-drive,2,8,44,63.636,1,20260834,2800,6.248
esn-fast (leak 1.0),B-drive,2,16,152,18.421,1,20260834,2800,6.599
esn-fast (leak 1.0),B-drive,2,32,560,5.0,1,20260834,2800,7.304
esn-fast (leak 1.0),A-readout,4,2,5,560.0,1,20260834,2800,1.775
esn-fast (leak 1.0),A-readout,4,4,14,200.0,1,20260834,2800,2.273
esn-fast (leak 1.0),A-readout,4,8,44,63.636,1,20260834,2800,2.366
esn-fast (leak 1.0),A-readout,4,16,152,18.421,1,20260834,2800,2.528
esn-fast (leak 1.0),A-readout,4,32,560,5.0,1,20260834,2800,3.275
esn-fast (leak 1.0),B-drive,4,2,5,560.0,1,20260834,2800,1.896
esn-fast (leak 1.0),B-drive,4,4,14,200.0,1,20260834,2800,3.096
esn-fast (leak 1.0),B-drive,4,8,44,63.636,1,20260834,2800,3.334
esn-fast (leak 1.0),B-drive,4,16,152,18.421,1,20260834,2800,3.537
esn-fast (leak 1.0),B-drive,4,32,560,5.0,1,20260834,2800,4.247
esn-fast (leak 1.0),A-readout,8,2,5,560.0,1,20260834,2800,0.865
esn-fast (leak 1.0),A-readout,8,4,14,200.0,1,20260834,2800,0.883
esn-fast (leak 1.0),A-readout,8,8,44,63.636,1,20260834,2800,0.968
esn-fast (leak 1.0),A-readout,8,16,152,18.421,1,20260834,2800,1.168
esn-fast (leak 1.0),A-readout,8,32,560,5.0,1,20260834,2800,1.847
esn-fast (leak 1.0),B-drive,8,2,5,560.0,1,20260834,2800,1.415
esn-fast (leak 1.0),B-drive,8,4,14,200.0,1,20260834,2800,1.541
esn-fast (leak 1.0),B-drive,8,8,44,63.636,1,20260834,2800,1.593
esn-fast (leak 1.0),B-drive,8,16,152,18.421,1,20260834,2800,1.769
esn-fast (leak 1.0),B-drive,8,32,560,5.0,1,20260834,2800,2.42
esn-mid (leak 0.3),A-readout,1,2,5,560.0,1,20260834,2800,0.985
esn-mid (leak 0.3),A-readout,1,4,14,200.0,1,20260834,2800,1.596
esn-mid (leak 0.3),A-readout,1,8,44,63.636,1,20260834,2800,2.451
esn-mid (leak 0.3),A-readout,1,16,152,18.421,1,20260834,2800,3.661
esn-mid (leak 0.3),A-readout,1,32,560,5.0,1,20260834,2800,5.745
esn-mid (leak 0.3),B-drive,1,2,5,560.0,1,20260834,2800,0.985
esn-mid (leak 0.3),B-drive,1,4,14,200.0,1,20260834,2800,1.596
esn-mid (leak 0.3),B-drive,1,8,44,63.636,1,20260834,2800,2.451
esn-mid (leak 0.3),B-drive,1,16,152,18.421,1,20260834,2800,3.661
esn-mid (leak 0.3),B-drive,1,32,560,5.0,1,20260834,2800,5.745
esn-mid (leak 0.3),A-readout,2,2,5,560.0,1,20260834,2800,0.583
esn-mid (leak 0.3),A-readout,2,4,14,200.0,1,20260834,2800,0.942
esn-mid (leak 0.3),A-readout,2,8,44,63.636,1,20260834,2800,1.473
esn-mid (leak 0.3),A-readout,2,16,152,18.421,1,20260834,2800,2.329
esn-mid (leak 0.3),A-readout,2,32,560,5.0,1,20260834,2800,3.603
esn-mid (leak 0.3),B-drive,2,2,5,560.0,1,20260834,2800,1.559
esn-mid (leak 0.3),B-drive,2,4,14,200.0,1,20260834,2800,2.48
esn-mid (leak 0.3),B-drive,2,8,44,63.636,1,20260834,2800,3.716
esn-mid (leak 0.3),B-drive,2,16,152,18.421,1,20260834,2800,5.326
esn-mid (leak 0.3),B-drive,2,32,560,5.0,1,20260834,2800,6.868
esn-mid (leak 0.3),A-readout,4,2,5,560.0,1,20260834,2800,0.439
esn-mid (leak 0.3),A-readout,4,4,14,200.0,1,20260834,2800,0.651
esn-mid (leak 0.3),A-readout,4,8,44,63.636,1,20260834,2800,0.932
esn-mid (leak 0.3),A-readout,4,16,152,18.421,1,20260834,2800,1.3
esn-mid (leak 0.3),A-readout,4,32,560,5.0,1,20260834,2800,2.02
esn-mid (leak 0.3),B-drive,4,2,5,560.0,1,20260834,2800,1.908
esn-mid (leak 0.3),B-drive,4,4,14,200.0,1,20260834,2800,3.123
esn-mid (leak 0.3),B-drive,4,8,44,63.636,1,20260834,2800,4.593
esn-mid (leak 0.3),B-drive,4,16,152,18.421,1,20260834,2800,5.607
esn-mid (leak 0.3),B-drive,4,32,560,5.0,1,20260834,2800,6.343
esn-mid (leak 0.3),A-readout,8,2,5,560.0,1,20260834,2800,0.35
esn-mid (leak 0.3),A-readout,8,4,14,200.0,1,20260834,2800,0.524
esn-mid (leak 0.3),A-readout,8,8,44,63.636,1,20260834,2800,0.671
esn-mid (leak 0.3),A-readout,8,16,152,18.421,1,20260834,2800,0.921
esn-mid (leak 0.3),A-readout,8,32,560,5.0,1,20260834,2800,1.624
esn-mid (leak 0.3),B-drive,8,2,5,560.0,1,20260834,2800,1.947
esn-mid (leak 0.3),B-drive,8,4,14,200.0,1,20260834,2800,3.349
esn-mid (leak 0.3),B-drive,8,8,44,63.636,1,20260834,2800,4.063
esn-mid (leak 0.3),B-drive,8,16,152,18.421,1,20260834,2800,4.323
esn-mid (leak 0.3),B-drive,8,32,560,5.0,1,20260834,2800,4.984
esn-slow (leak 0.1),A-readout,1,2,5,560.0,1,20260834,2800,0.419
esn-slow (leak 0.1),A-readout,1,4,14,200.0,1,20260834,2800,0.69
esn-slow (leak 0.1),A-readout,1,8,44,63.636,1,20260834,2800,1.205
esn-slow (leak 0.1),A-readout,1,16,152,18.421,1,20260834,2800,1.985
esn-slow (leak 0.1),A-readout,1,32,560,5.0,1,20260834,2800,3.665
esn-slow (leak 0.1),B-drive,1,2,5,560.0,1,20260834,2800,0.419
esn-slow (leak 0.1),B-drive,1,4,14,200.0,1,20260834,2800,0.69
esn-slow (leak 0.1),B-drive,1,8,44,63.636,1,20260834,2800,1.205
esn-slow (leak 0.1),B-drive,1,16,152,18.421,1,20260834,2800,1.985
esn-slow (leak 0.1),B-drive,1,32,560,5.0,1,20260834,2800,3.665
esn-slow (leak 0.1),A-readout,2,2,5,560.0,1,20260834,2800,0.257
esn-slow (leak 0.1),A-readout,2,4,14,200.0,1,20260834,2800,0.48
esn-slow (leak 0.1),A-readout,2,8,44,63.636,1,20260834,2800,0.819
esn-slow (leak 0.1),A-readout,2,16,152,18.421,1,20260834,2800,1.475
esn-slow (leak 0.1),A-readout,2,32,560,5.0,1,20260834,2800,2.757
esn-slow (leak 0.1),B-drive,2,2,5,560.0,1,20260834,2800,0.575
esn-slow (leak 0.1),B-drive,2,4,14,200.0,1,20260834,2800,1.012
esn-slow (leak 0.1),B-drive,2,8,44,63.636,1,20260834,2800,1.623
esn-slow (leak 0.1),B-drive,2,16,152,18.421,1,20260834,2800,2.564
esn-slow (leak 0.1),B-drive,2,32,560,5.0,1,20260834,2800,4.462
esn-slow (leak 0.1),A-readout,4,2,5,560.0,1,20260834,2800,0.159
esn-slow (leak 0.1),A-readout,4,4,14,200.0,1,20260834,2800,0.25
esn-slow (leak 0.1),A-readout,4,8,44,63.636,1,20260834,2800,0.464
esn-slow (leak 0.1),A-readout,4,16,152,18.421,1,20260834,2800,0.859
esn-slow (leak 0.1),A-readout,4,32,560,5.0,1,20260834,2800,1.651
esn-slow (leak 0.1),B-drive,4,2,5,560.0,1,20260834,2800,1.036
esn-slow (leak 0.1),B-drive,4,4,14,200.0,1,20260834,2800,1.697
esn-slow (leak 0.1),B-drive,4,8,44,63.636,1,20260834,2800,2.586
esn-slow (leak 0.1),B-drive,4,16,152,18.421,1,20260834,2800,3.786
esn-slow (leak 0.1),B-drive,4,32,560,5.0,1,20260834,2800,5.766
esn-slow (leak 0.1),A-readout,8,2,5,560.0,1,20260834,2800,0.159
esn-slow (leak 0.1),A-readout,8,4,14,200.0,1,20260834,2800,0.262
esn-slow (leak 0.1),A-readout,8,8,44,63.636,1,20260834,2800,0.429
esn-slow (leak 0.1),A-readout,8,16,152,18.421,1,20260834,2800,0.768
esn-slow (leak 0.1),A-readout,8,32,560,5.0,1,20260834,2800,1.402
esn-slow (leak 0.1),B-drive,8,2,5,560.0,1,20260834,2800,1.592
esn-slow (leak 0.1),B-drive,8,4,14,200.0,1,20260834,2800,2.517
esn-slow (leak 0.1),B-drive,8,8,44,63.636,1,20260834,2800,3.741
esn-slow (leak 0.1),B-drive,8,16,152,18.421,1,20260834,2800,5.195
esn-slow (leak 0.1),B-drive,8,32,560,5.0,1,20260834,2800,6.228
esn-fast (leak 1.0),A-readout,1,2,5,560.0,1,20260835,2800,1.987
esn-fast (leak 1.0),A-readout,1,4,14,200.0,1,20260835,2800,3.963
esn-fast (leak 1.0),A-readout,1,8,44,63.636,1,20260835,2800,7.48
esn-fast (leak 1.0),A-readout,1,16,152,18.421,1,20260835,2800,9.636
esn-fast (leak 1.0),A-readout,1,32,560,5.0,1,20260835,2800,10.424
esn-fast (leak 1.0),B-drive,1,2,5,560.0,1,20260835,2800,1.987
esn-fast (leak 1.0),B-drive,1,4,14,200.0,1,20260835,2800,3.963
esn-fast (leak 1.0),B-drive,1,8,44,63.636,1,20260835,2800,7.48
esn-fast (leak 1.0),B-drive,1,16,152,18.421,1,20260835,2800,9.636
esn-fast (leak 1.0),B-drive,1,32,560,5.0,1,20260835,2800,10.424
esn-fast (leak 1.0),A-readout,2,2,5,560.0,1,20260835,2800,1.963
esn-fast (leak 1.0),A-readout,2,4,14,200.0,1,20260835,2800,3.653
esn-fast (leak 1.0),A-readout,2,8,44,63.636,1,20260835,2800,4.707
esn-fast (leak 1.0),A-readout,2,16,152,18.421,1,20260835,2800,5.093
esn-fast (leak 1.0),A-readout,2,32,560,5.0,1,20260835,2800,5.83
esn-fast (leak 1.0),B-drive,2,2,5,560.0,1,20260835,2800,1.986
esn-fast (leak 1.0),B-drive,2,4,14,200.0,1,20260835,2800,3.798
esn-fast (leak 1.0),B-drive,2,8,44,63.636,1,20260835,2800,5.036
esn-fast (leak 1.0),B-drive,2,16,152,18.421,1,20260835,2800,5.26
esn-fast (leak 1.0),B-drive,2,32,560,5.0,1,20260835,2800,6.024
esn-fast (leak 1.0),A-readout,4,2,5,560.0,1,20260835,2800,1.772
esn-fast (leak 1.0),A-readout,4,4,14,200.0,1,20260835,2800,2.113
esn-fast (leak 1.0),A-readout,4,8,44,63.636,1,20260835,2800,2.186
esn-fast (leak 1.0),A-readout,4,16,152,18.421,1,20260835,2800,2.396
esn-fast (leak 1.0),A-readout,4,32,560,5.0,1,20260835,2800,3.119
esn-fast (leak 1.0),B-drive,4,2,5,560.0,1,20260835,2800,1.854
esn-fast (leak 1.0),B-drive,4,4,14,200.0,1,20260835,2800,2.493
esn-fast (leak 1.0),B-drive,4,8,44,63.636,1,20260835,2800,2.541
esn-fast (leak 1.0),B-drive,4,16,152,18.421,1,20260835,2800,2.794
esn-fast (leak 1.0),B-drive,4,32,560,5.0,1,20260835,2800,3.573
esn-fast (leak 1.0),A-readout,8,2,5,560.0,1,20260835,2800,0.877
esn-fast (leak 1.0),A-readout,8,4,14,200.0,1,20260835,2800,0.895
esn-fast (leak 1.0),A-readout,8,8,44,63.636,1,20260835,2800,0.933
esn-fast (leak 1.0),A-readout,8,16,152,18.421,1,20260835,2800,1.12
esn-fast (leak 1.0),A-readout,8,32,560,5.0,1,20260835,2800,1.846
esn-fast (leak 1.0),B-drive,8,2,5,560.0,1,20260835,2800,1.318
esn-fast (leak 1.0),B-drive,8,4,14,200.0,1,20260835,2800,1.351
esn-fast (leak 1.0),B-drive,8,8,44,63.636,1,20260835,2800,1.406
esn-fast (leak 1.0),B-drive,8,16,152,18.421,1,20260835,2800,1.66
esn-fast (leak 1.0),B-drive,8,32,560,5.0,1,20260835,2800,2.487
esn-mid (leak 0.3),A-readout,1,2,5,560.0,1,20260835,2800,0.88
esn-mid (leak 0.3),A-readout,1,4,14,200.0,1,20260835,2800,1.386
esn-mid (leak 0.3),A-readout,1,8,44,63.636,1,20260835,2800,2.205
esn-mid (leak 0.3),A-readout,1,16,152,18.421,1,20260835,2800,3.573
esn-mid (leak 0.3),A-readout,1,32,560,5.0,1,20260835,2800,6.1
esn-mid (leak 0.3),B-drive,1,2,5,560.0,1,20260835,2800,0.88
esn-mid (leak 0.3),B-drive,1,4,14,200.0,1,20260835,2800,1.386
esn-mid (leak 0.3),B-drive,1,8,44,63.636,1,20260835,2800,2.205
esn-mid (leak 0.3),B-drive,1,16,152,18.421,1,20260835,2800,3.573
esn-mid (leak 0.3),B-drive,1,32,560,5.0,1,20260835,2800,6.1
esn-mid (leak 0.3),A-readout,2,2,5,560.0,1,20260835,2800,0.692
esn-mid (leak 0.3),A-readout,2,4,14,200.0,1,20260835,2800,1.104
esn-mid (leak 0.3),A-readout,2,8,44,63.636,1,20260835,2800,1.757
esn-mid (leak 0.3),A-readout,2,16,152,18.421,1,20260835,2800,2.861
esn-mid (leak 0.3),A-readout,2,32,560,5.0,1,20260835,2800,4.012
esn-mid (leak 0.3),B-drive,2,2,5,560.0,1,20260835,2800,1.386
esn-mid (leak 0.3),B-drive,2,4,14,200.0,1,20260835,2800,2.192
esn-mid (leak 0.3),B-drive,2,8,44,63.636,1,20260835,2800,3.163
esn-mid (leak 0.3),B-drive,2,16,152,18.421,1,20260835,2800,4.683
esn-mid (leak 0.3),B-drive,2,32,560,5.0,1,20260835,2800,6.558
esn-mid (leak 0.3),A-readout,4,2,5,560.0,1,20260835,2800,0.47
esn-mid (leak 0.3),A-readout,4,4,14,200.0,1,20260835,2800,0.753
esn-mid (leak 0.3),A-readout,4,8,44,63.636,1,20260835,2800,1.131
esn-mid (leak 0.3),A-readout,4,16,152,18.421,1,20260835,2800,1.517
esn-mid (leak 0.3),A-readout,4,32,560,5.0,1,20260835,2800,2.262
esn-mid (leak 0.3),B-drive,4,2,5,560.0,1,20260835,2800,1.871
esn-mid (leak 0.3),B-drive,4,4,14,200.0,1,20260835,2800,2.937
esn-mid (leak 0.3),B-drive,4,8,44,63.636,1,20260835,2800,3.918
esn-mid (leak 0.3),B-drive,4,16,152,18.421,1,20260835,2800,4.953
esn-mid (leak 0.3),B-drive,4,32,560,5.0,1,20260835,2800,5.702
esn-mid (leak 0.3),A-readout,8,2,5,560.0,1,20260835,2800,0.421
esn-mid (leak 0.3),A-readout,8,4,14,200.0,1,20260835,2800,0.632
esn-mid (leak 0.3),A-readout,8,8,44,63.636,1,20260835,2800,0.865
esn-mid (leak 0.3),A-readout,8,16,152,18.421,1,20260835,2800,1.047
esn-mid (leak 0.3),A-readout,8,32,560,5.0,1,20260835,2800,1.849
esn-mid (leak 0.3),B-drive,8,2,5,560.0,1,20260835,2800,1.903
esn-mid (leak 0.3),B-drive,8,4,14,200.0,1,20260835,2800,2.871
esn-mid (leak 0.3),B-drive,8,8,44,63.636,1,20260835,2800,3.326
esn-mid (leak 0.3),B-drive,8,16,152,18.421,1,20260835,2800,3.614
esn-mid (leak 0.3),B-drive,8,32,560,5.0,1,20260835,2800,4.368
esn-slow (leak 0.1),A-readout,1,2,5,560.0,1,20260835,2800,0.397
esn-slow (leak 0.1),A-readout,1,4,14,200.0,1,20260835,2800,0.677
esn-slow (leak 0.1),A-readout,1,8,44,63.636,1,20260835,2800,1.196
esn-slow (leak 0.1),A-readout,1,16,152,18.421,1,20260835,2800,2.032
esn-slow (leak 0.1),A-readout,1,32,560,5.0,1,20260835,2800,3.71
esn-slow (leak 0.1),B-drive,1,2,5,560.0,1,20260835,2800,0.397
esn-slow (leak 0.1),B-drive,1,4,14,200.0,1,20260835,2800,0.677
esn-slow (leak 0.1),B-drive,1,8,44,63.636,1,20260835,2800,1.196
esn-slow (leak 0.1),B-drive,1,16,152,18.421,1,20260835,2800,2.032
esn-slow (leak 0.1),B-drive,1,32,560,5.0,1,20260835,2800,3.71
esn-slow (leak 0.1),A-readout,2,2,5,560.0,1,20260835,2800,0.302
esn-slow (leak 0.1),A-readout,2,4,14,200.0,1,20260835,2800,0.581
esn-slow (leak 0.1),A-readout,2,8,44,63.636,1,20260835,2800,1.107
esn-slow (leak 0.1),A-readout,2,16,152,18.421,1,20260835,2800,2.083
esn-slow (leak 0.1),A-readout,2,32,560,5.0,1,20260835,2800,3.542
esn-slow (leak 0.1),B-drive,2,2,5,560.0,1,20260835,2800,0.521
esn-slow (leak 0.1),B-drive,2,4,14,200.0,1,20260835,2800,0.927
esn-slow (leak 0.1),B-drive,2,8,44,63.636,1,20260835,2800,1.563
esn-slow (leak 0.1),B-drive,2,16,152,18.421,1,20260835,2800,2.669
esn-slow (leak 0.1),B-drive,2,32,560,5.0,1,20260835,2800,4.905
esn-slow (leak 0.1),A-readout,4,2,5,560.0,1,20260835,2800,0.239
esn-slow (leak 0.1),A-readout,4,4,14,200.0,1,20260835,2800,0.376
esn-slow (leak 0.1),A-readout,4,8,44,63.636,1,20260835,2800,0.61
esn-slow (leak 0.1),A-readout,4,16,152,18.421,1,20260835,2800,0.972
esn-slow (leak 0.1),A-readout,4,32,560,5.0,1,20260835,2800,1.903
esn-slow (leak 0.1),B-drive,4,2,5,560.0,1,20260835,2800,0.926
esn-slow (leak 0.1),B-drive,4,4,14,200.0,1,20260835,2800,1.464
esn-slow (leak 0.1),B-drive,4,8,44,63.636,1,20260835,2800,2.288
esn-slow (leak 0.1),B-drive,4,16,152,18.421,1,20260835,2800,3.621
esn-slow (leak 0.1),B-drive,4,32,560,5.0,1,20260835,2800,5.972
esn-slow (leak 0.1),A-readout,8,2,5,560.0,1,20260835,2800,0.224
esn-slow (leak 0.1),A-readout,8,4,14,200.0,1,20260835,2800,0.384
esn-slow (leak 0.1),A-readout,8,8,44,63.636,1,20260835,2800,0.65
esn-slow (leak 0.1),A-readout,8,16,152,18.421,1,20260835,2800,1.17
esn-slow (leak 0.1),A-readout,8,32,560,5.0,1,20260835,2800,2.047
esn-slow (leak 0.1),B-drive,8,2,5,560.0,1,20260835,2800,1.472
esn-slow (leak 0.1),B-drive,8,4,14,200.0,1,20260835,2800,2.281
esn-slow (leak 0.1),B-drive,8,8,44,63.636,1,20260835,2800,3.186
esn-slow (leak 0.1),B-drive,8,16,152,18.421,1,20260835,2800,4.563
esn-slow (leak 0.1),B-drive,8,32,560,5.0,1,20260835,2800,5.943
esn-fast (leak 1.0),A-readout,1,2,5,560.0,1,20260836,2800,2.003
esn-fast (leak 1.0),A-readout,1,4,14,200.0,1,20260836,2800,3.975
esn-fast (leak 1.0),A-readout,1,8,44,63.636,1,20260836,2800,7.6
esn-fast (leak 1.0),A-readout,1,16,152,18.421,1,20260836,2800,10.485
esn-fast (leak 1.0),A-readout,1,32,560,5.0,1,20260836,2800,11.412
esn-fast (leak 1.0),B-drive,1,2,5,560.0,1,20260836,2800,2.003
esn-fast (leak 1.0),B-drive,1,4,14,200.0,1,20260836,2800,3.975
esn-fast (leak 1.0),B-drive,1,8,44,63.636,1,20260836,2800,7.6
esn-fast (leak 1.0),B-drive,1,16,152,18.421,1,20260836,2800,10.485
esn-fast (leak 1.0),B-drive,1,32,560,5.0,1,20260836,2800,11.412
esn-fast (leak 1.0),A-readout,2,2,5,560.0,1,20260836,2800,1.963
esn-fast (leak 1.0),A-readout,2,4,14,200.0,1,20260836,2800,3.712
esn-fast (leak 1.0),A-readout,2,8,44,63.636,1,20260836,2800,4.791
esn-fast (leak 1.0),A-readout,2,16,152,18.421,1,20260836,2800,4.943
esn-fast (leak 1.0),A-readout,2,32,560,5.0,1,20260836,2800,5.691
esn-fast (leak 1.0),B-drive,2,2,5,560.0,1,20260836,2800,1.988
esn-fast (leak 1.0),B-drive,2,4,14,200.0,1,20260836,2800,3.852
esn-fast (leak 1.0),B-drive,2,8,44,63.636,1,20260836,2800,6.304
esn-fast (leak 1.0),B-drive,2,16,152,18.421,1,20260836,2800,6.675
esn-fast (leak 1.0),B-drive,2,32,560,5.0,1,20260836,2800,7.44
esn-fast (leak 1.0),A-readout,4,2,5,560.0,1,20260836,2800,1.802
esn-fast (leak 1.0),A-readout,4,4,14,200.0,1,20260836,2800,2.259
esn-fast (leak 1.0),A-readout,4,8,44,63.636,1,20260836,2800,2.321
esn-fast (leak 1.0),A-readout,4,16,152,18.421,1,20260836,2800,2.506
esn-fast (leak 1.0),A-readout,4,32,560,5.0,1,20260836,2800,3.295
esn-fast (leak 1.0),B-drive,4,2,5,560.0,1,20260836,2800,1.915
esn-fast (leak 1.0),B-drive,4,4,14,200.0,1,20260836,2800,3.191
esn-fast (leak 1.0),B-drive,4,8,44,63.636,1,20260836,2800,3.4
esn-fast (leak 1.0),B-drive,4,16,152,18.421,1,20260836,2800,3.567
esn-fast (leak 1.0),B-drive,4,32,560,5.0,1,20260836,2800,4.292
esn-fast (leak 1.0),A-readout,8,2,5,560.0,1,20260836,2800,0.888
esn-fast (leak 1.0),A-readout,8,4,14,200.0,1,20260836,2800,0.901
esn-fast (leak 1.0),A-readout,8,8,44,63.636,1,20260836,2800,0.987
esn-fast (leak 1.0),A-readout,8,16,152,18.421,1,20260836,2800,1.202
esn-fast (leak 1.0),A-readout,8,32,560,5.0,1,20260836,2800,1.899
esn-fast (leak 1.0),B-drive,8,2,5,560.0,1,20260836,2800,1.482
esn-fast (leak 1.0),B-drive,8,4,14,200.0,1,20260836,2800,1.549
esn-fast (leak 1.0),B-drive,8,8,44,63.636,1,20260836,2800,1.594
esn-fast (leak 1.0),B-drive,8,16,152,18.421,1,20260836,2800,1.736
esn-fast (leak 1.0),B-drive,8,32,560,5.0,1,20260836,2800,2.474
esn-mid (leak 0.3),A-readout,1,2,5,560.0,1,20260836,2800,1.054
esn-mid (leak 0.3),A-readout,1,4,14,200.0,1,20260836,2800,1.743
esn-mid (leak 0.3),A-readout,1,8,44,63.636,1,20260836,2800,2.744
esn-mid (leak 0.3),A-readout,1,16,152,18.421,1,20260836,2800,4.239
esn-mid (leak 0.3),A-readout,1,32,560,5.0,1,20260836,2800,6.494
esn-mid (leak 0.3),B-drive,1,2,5,560.0,1,20260836,2800,1.054
esn-mid (leak 0.3),B-drive,1,4,14,200.0,1,20260836,2800,1.743
esn-mid (leak 0.3),B-drive,1,8,44,63.636,1,20260836,2800,2.744
esn-mid (leak 0.3),B-drive,1,16,152,18.421,1,20260836,2800,4.239
esn-mid (leak 0.3),B-drive,1,32,560,5.0,1,20260836,2800,6.494
esn-mid (leak 0.3),A-readout,2,2,5,560.0,1,20260836,2800,0.667
esn-mid (leak 0.3),A-readout,2,4,14,200.0,1,20260836,2800,1.096
esn-mid (leak 0.3),A-readout,2,8,44,63.636,1,20260836,2800,1.634
esn-mid (leak 0.3),A-readout,2,16,152,18.421,1,20260836,2800,2.421
esn-mid (leak 0.3),A-readout,2,32,560,5.0,1,20260836,2800,3.951
esn-mid (leak 0.3),B-drive,2,2,5,560.0,1,20260836,2800,1.564
esn-mid (leak 0.3),B-drive,2,4,14,200.0,1,20260836,2800,2.477
esn-mid (leak 0.3),B-drive,2,8,44,63.636,1,20260836,2800,3.803
esn-mid (leak 0.3),B-drive,2,16,152,18.421,1,20260836,2800,5.481
esn-mid (leak 0.3),B-drive,2,32,560,5.0,1,20260836,2800,7.381
esn-mid (leak 0.3),A-readout,4,2,5,560.0,1,20260836,2800,0.467
esn-mid (leak 0.3),A-readout,4,4,14,200.0,1,20260836,2800,0.737
esn-mid (leak 0.3),A-readout,4,8,44,63.636,1,20260836,2800,1.05
esn-mid (leak 0.3),A-readout,4,16,152,18.421,1,20260836,2800,1.536
esn-mid (leak 0.3),A-readout,4,32,560,5.0,1,20260836,2800,2.296
esn-mid (leak 0.3),B-drive,4,2,5,560.0,1,20260836,2800,1.86
esn-mid (leak 0.3),B-drive,4,4,14,200.0,1,20260836,2800,3.004
esn-mid (leak 0.3),B-drive,4,8,44,63.636,1,20260836,2800,4.472
esn-mid (leak 0.3),B-drive,4,16,152,18.421,1,20260836,2800,5.735
esn-mid (leak 0.3),B-drive,4,32,560,5.0,1,20260836,2800,6.474
esn-mid (leak 0.3),A-readout,8,2,5,560.0,1,20260836,2800,0.289
esn-mid (leak 0.3),A-readout,8,4,14,200.0,1,20260836,2800,0.384
esn-mid (leak 0.3),A-readout,8,8,44,63.636,1,20260836,2800,0.49
esn-mid (leak 0.3),A-readout,8,16,152,18.421,1,20260836,2800,0.705
esn-mid (leak 0.3),A-readout,8,32,560,5.0,1,20260836,2800,1.325
esn-mid (leak 0.3),B-drive,8,2,5,560.0,1,20260836,2800,1.924
esn-mid (leak 0.3),B-drive,8,4,14,200.0,1,20260836,2800,3.145
esn-mid (leak 0.3),B-drive,8,8,44,63.636,1,20260836,2800,4.229
esn-mid (leak 0.3),B-drive,8,16,152,18.421,1,20260836,2800,4.477
esn-mid (leak 0.3),B-drive,8,32,560,5.0,1,20260836,2800,5.213
esn-slow (leak 0.1),A-readout,1,2,5,560.0,1,20260836,2800,0.512
esn-slow (leak 0.1),A-readout,1,4,14,200.0,1,20260836,2800,0.823
esn-slow (leak 0.1),A-readout,1,8,44,63.636,1,20260836,2800,1.34
esn-slow (leak 0.1),A-readout,1,16,152,18.421,1,20260836,2800,2.313
esn-slow (leak 0.1),A-readout,1,32,560,5.0,1,20260836,2800,3.956
esn-slow (leak 0.1),B-drive,1,2,5,560.0,1,20260836,2800,0.512
esn-slow (leak 0.1),B-drive,1,4,14,200.0,1,20260836,2800,0.823
esn-slow (leak 0.1),B-drive,1,8,44,63.636,1,20260836,2800,1.34
esn-slow (leak 0.1),B-drive,1,16,152,18.421,1,20260836,2800,2.313
esn-slow (leak 0.1),B-drive,1,32,560,5.0,1,20260836,2800,3.956
esn-slow (leak 0.1),A-readout,2,2,5,560.0,1,20260836,2800,0.294
esn-slow (leak 0.1),A-readout,2,4,14,200.0,1,20260836,2800,0.501
esn-slow (leak 0.1),A-readout,2,8,44,63.636,1,20260836,2800,0.819
esn-slow (leak 0.1),A-readout,2,16,152,18.421,1,20260836,2800,1.517
esn-slow (leak 0.1),A-readout,2,32,560,5.0,1,20260836,2800,3.02
esn-slow (leak 0.1),B-drive,2,2,5,560.0,1,20260836,2800,0.67
esn-slow (leak 0.1),B-drive,2,4,14,200.0,1,20260836,2800,1.196
esn-slow (leak 0.1),B-drive,2,8,44,63.636,1,20260836,2800,1.895
esn-slow (leak 0.1),B-drive,2,16,152,18.421,1,20260836,2800,3.085
esn-slow (leak 0.1),B-drive,2,32,560,5.0,1,20260836,2800,5.108
esn-slow (leak 0.1),A-readout,4,2,5,560.0,1,20260836,2800,0.246
esn-slow (leak 0.1),A-readout,4,4,14,200.0,1,20260836,2800,0.405
esn-slow (leak 0.1),A-readout,4,8,44,63.636,1,20260836,2800,0.705
esn-slow (leak 0.1),A-readout,4,16,152,18.421,1,20260836,2800,1.27
esn-slow (leak 0.1),A-readout,4,32,560,5.0,1,20260836,2800,2.437
esn-slow (leak 0.1),B-drive,4,2,5,560.0,1,20260836,2800,1.072
esn-slow (leak 0.1),B-drive,4,4,14,200.0,1,20260836,2800,1.777
esn-slow (leak 0.1),B-drive,4,8,44,63.636,1,20260836,2800,2.78
esn-slow (leak 0.1),B-drive,4,16,152,18.421,1,20260836,2800,4.209
esn-slow (leak 0.1),B-drive,4,32,560,5.0,1,20260836,2800,6.33
esn-slow (leak 0.1),A-readout,8,2,5,560.0,1,20260836,2800,0.119
esn-slow (leak 0.1),A-readout,8,4,14,200.0,1,20260836,2800,0.178
esn-slow (leak 0.1),A-readout,8,8,44,63.636,1,20260836,2800,0.28
esn-slow (leak 0.1),A-readout,8,16,152,18.421,1,20260836,2800,0.536
esn-slow (leak 0.1),A-readout,8,32,560,5.0,1,20260836,2800,1.272
esn-slow (leak 0.1),B-drive,8,2,5,560.0,1,20260836,2800,1.565
esn-slow (leak 0.1),B-drive,8,4,14,200.0,1,20260836,2800,2.49
esn-slow (leak 0.1),B-drive,8,8,44,63.636,1,20260836,2800,3.772
esn-slow (leak 0.1),B-drive,8,16,152,18.421,1,20260836,2800,5.329
esn-slow (leak 0.1),B-drive,8,32,560,5.0,1,20260836,2800,6.663
esn-fast (leak 1.0),A-readout,1,2,5,560.0,1,20260837,2800,1.994
esn-fast (leak 1.0),A-readout,1,4,14,200.0,1,20260837,2800,3.969
esn-fast (leak 1.0),A-readout,1,8,44,63.636,1,20260837,2800,7.639
esn-fast (leak 1.0),A-readout,1,16,152,18.421,1,20260837,2800,10.566
esn-fast (leak 1.0),A-readout,1,32,560,5.0,1,20260837,2800,11.378
esn-fast (leak 1.0),B-drive,1,2,5,560.0,1,20260837,2800,1.994
esn-fast (leak 1.0),B-drive,1,4,14,200.0,1,20260837,2800,3.969
esn-fast (leak 1.0),B-drive,1,8,44,63.636,1,20260837,2800,7.639
esn-fast (leak 1.0),B-drive,1,16,152,18.421,1,20260837,2800,10.566
esn-fast (leak 1.0),B-drive,1,32,560,5.0,1,20260837,2800,11.378
esn-fast (leak 1.0),A-readout,2,2,5,560.0,1,20260837,2800,1.972
esn-fast (leak 1.0),A-readout,2,4,14,200.0,1,20260837,2800,3.734
esn-fast (leak 1.0),A-readout,2,8,44,63.636,1,20260837,2800,4.961
esn-fast (leak 1.0),A-readout,2,16,152,18.421,1,20260837,2800,5.107
esn-fast (leak 1.0),A-readout,2,32,560,5.0,1,20260837,2800,5.99
esn-fast (leak 1.0),B-drive,2,2,5,560.0,1,20260837,2800,1.993
esn-fast (leak 1.0),B-drive,2,4,14,200.0,1,20260837,2800,3.861
esn-fast (leak 1.0),B-drive,2,8,44,63.636,1,20260837,2800,5.905
esn-fast (leak 1.0),B-drive,2,16,152,18.421,1,20260837,2800,6.337
esn-fast (leak 1.0),B-drive,2,32,560,5.0,1,20260837,2800,7.199
esn-fast (leak 1.0),A-readout,4,2,5,560.0,1,20260837,2800,1.815
esn-fast (leak 1.0),A-readout,4,4,14,200.0,1,20260837,2800,2.268
esn-fast (leak 1.0),A-readout,4,8,44,63.636,1,20260837,2800,2.332
esn-fast (leak 1.0),A-readout,4,16,152,18.421,1,20260837,2800,2.527
esn-fast (leak 1.0),A-readout,4,32,560,5.0,1,20260837,2800,3.216
esn-fast (leak 1.0),B-drive,4,2,5,560.0,1,20260837,2800,1.948
esn-fast (leak 1.0),B-drive,4,4,14,200.0,1,20260837,2800,3.139
esn-fast (leak 1.0),B-drive,4,8,44,63.636,1,20260837,2800,3.495
esn-fast (leak 1.0),B-drive,4,16,152,18.421,1,20260837,2800,3.707
esn-fast (leak 1.0),B-drive,4,32,560,5.0,1,20260837,2800,4.543
esn-fast (leak 1.0),A-readout,8,2,5,560.0,1,20260837,2800,0.852
esn-fast (leak 1.0),A-readout,8,4,14,200.0,1,20260837,2800,0.863
esn-fast (leak 1.0),A-readout,8,8,44,63.636,1,20260837,2800,0.943
esn-fast (leak 1.0),A-readout,8,16,152,18.421,1,20260837,2800,1.104
esn-fast (leak 1.0),A-readout,8,32,560,5.0,1,20260837,2800,1.808
esn-fast (leak 1.0),B-drive,8,2,5,560.0,1,20260837,2800,1.396
esn-fast (leak 1.0),B-drive,8,4,14,200.0,1,20260837,2800,1.528
esn-fast (leak 1.0),B-drive,8,8,44,63.636,1,20260837,2800,1.576
esn-fast (leak 1.0),B-drive,8,16,152,18.421,1,20260837,2800,1.803
esn-fast (leak 1.0),B-drive,8,32,560,5.0,1,20260837,2800,2.52
esn-mid (leak 0.3),A-readout,1,2,5,560.0,1,20260837,2800,0.894
esn-mid (leak 0.3),A-readout,1,4,14,200.0,1,20260837,2800,1.399
esn-mid (leak 0.3),A-readout,1,8,44,63.636,1,20260837,2800,2.148
esn-mid (leak 0.3),A-readout,1,16,152,18.421,1,20260837,2800,3.38
esn-mid (leak 0.3),A-readout,1,32,560,5.0,1,20260837,2800,5.087
esn-mid (leak 0.3),B-drive,1,2,5,560.0,1,20260837,2800,0.894
esn-mid (leak 0.3),B-drive,1,4,14,200.0,1,20260837,2800,1.399
esn-mid (leak 0.3),B-drive,1,8,44,63.636,1,20260837,2800,2.148
esn-mid (leak 0.3),B-drive,1,16,152,18.421,1,20260837,2800,3.38
esn-mid (leak 0.3),B-drive,1,32,560,5.0,1,20260837,2800,5.087
esn-mid (leak 0.3),A-readout,2,2,5,560.0,1,20260837,2800,0.653
esn-mid (leak 0.3),A-readout,2,4,14,200.0,1,20260837,2800,0.984
esn-mid (leak 0.3),A-readout,2,8,44,63.636,1,20260837,2800,1.483
esn-mid (leak 0.3),A-readout,2,16,152,18.421,1,20260837,2800,2.079
esn-mid (leak 0.3),A-readout,2,32,560,5.0,1,20260837,2800,2.901
esn-mid (leak 0.3),B-drive,2,2,5,560.0,1,20260837,2800,1.472
esn-mid (leak 0.3),B-drive,2,4,14,200.0,1,20260837,2800,2.216
esn-mid (leak 0.3),B-drive,2,8,44,63.636,1,20260837,2800,3.185
esn-mid (leak 0.3),B-drive,2,16,152,18.421,1,20260837,2800,4.537
esn-mid (leak 0.3),B-drive,2,32,560,5.0,1,20260837,2800,5.952
esn-mid (leak 0.3),A-readout,4,2,5,560.0,1,20260837,2800,0.414
esn-mid (leak 0.3),A-readout,4,4,14,200.0,1,20260837,2800,0.663
esn-mid (leak 0.3),A-readout,4,8,44,63.636,1,20260837,2800,0.968
esn-mid (leak 0.3),A-readout,4,16,152,18.421,1,20260837,2800,1.258
esn-mid (leak 0.3),A-readout,4,32,560,5.0,1,20260837,2800,1.87
esn-mid (leak 0.3),B-drive,4,2,5,560.0,1,20260837,2800,1.839
esn-mid (leak 0.3),B-drive,4,4,14,200.0,1,20260837,2800,2.796
esn-mid (leak 0.3),B-drive,4,8,44,63.636,1,20260837,2800,3.892
esn-mid (leak 0.3),B-drive,4,16,152,18.421,1,20260837,2800,4.533
esn-mid (leak 0.3),B-drive,4,32,560,5.0,1,20260837,2800,5.271
esn-mid (leak 0.3),A-readout,8,2,5,560.0,1,20260837,2800,0.258
esn-mid (leak 0.3),A-readout,8,4,14,200.0,1,20260837,2800,0.356
esn-mid (leak 0.3),A-readout,8,8,44,63.636,1,20260837,2800,0.421
esn-mid (leak 0.3),A-readout,8,16,152,18.421,1,20260837,2800,0.61
esn-mid (leak 0.3),A-readout,8,32,560,5.0,1,20260837,2800,1.301
esn-mid (leak 0.3),B-drive,8,2,5,560.0,1,20260837,2800,1.902
esn-mid (leak 0.3),B-drive,8,4,14,200.0,1,20260837,2800,2.939
esn-mid (leak 0.3),B-drive,8,8,44,63.636,1,20260837,2800,3.34
esn-mid (leak 0.3),B-drive,8,16,152,18.421,1,20260837,2800,3.567
esn-mid (leak 0.3),B-drive,8,32,560,5.0,1,20260837,2800,4.3
esn-slow (leak 0.1),A-readout,1,2,5,560.0,1,20260837,2800,0.365
esn-slow (leak 0.1),A-readout,1,4,14,200.0,1,20260837,2800,0.62
esn-slow (leak 0.1),A-readout,1,8,44,63.636,1,20260837,2800,1.087
esn-slow (leak 0.1),A-readout,1,16,152,18.421,1,20260837,2800,1.78
esn-slow (leak 0.1),A-readout,1,32,560,5.0,1,20260837,2800,3.093
esn-slow (leak 0.1),B-drive,1,2,5,560.0,1,20260837,2800,0.365
esn-slow (leak 0.1),B-drive,1,4,14,200.0,1,20260837,2800,0.62
esn-slow (leak 0.1),B-drive,1,8,44,63.636,1,20260837,2800,1.087
esn-slow (leak 0.1),B-drive,1,16,152,18.421,1,20260837,2800,1.78
esn-slow (leak 0.1),B-drive,1,32,560,5.0,1,20260837,2800,3.093
esn-slow (leak 0.1),A-readout,2,2,5,560.0,1,20260837,2800,0.236
esn-slow (leak 0.1),A-readout,2,4,14,200.0,1,20260837,2800,0.434
esn-slow (leak 0.1),A-readout,2,8,44,63.636,1,20260837,2800,0.682
esn-slow (leak 0.1),A-readout,2,16,152,18.421,1,20260837,2800,1.077
esn-slow (leak 0.1),A-readout,2,32,560,5.0,1,20260837,2800,2.003
esn-slow (leak 0.1),B-drive,2,2,5,560.0,1,20260837,2800,0.496
esn-slow (leak 0.1),B-drive,2,4,14,200.0,1,20260837,2800,0.885
esn-slow (leak 0.1),B-drive,2,8,44,63.636,1,20260837,2800,1.449
esn-slow (leak 0.1),B-drive,2,16,152,18.421,1,20260837,2800,2.422
esn-slow (leak 0.1),B-drive,2,32,560,5.0,1,20260837,2800,3.79
esn-slow (leak 0.1),A-readout,4,2,5,560.0,1,20260837,2800,0.219
esn-slow (leak 0.1),A-readout,4,4,14,200.0,1,20260837,2800,0.367
esn-slow (leak 0.1),A-readout,4,8,44,63.636,1,20260837,2800,0.626
esn-slow (leak 0.1),A-readout,4,16,152,18.421,1,20260837,2800,1.123
esn-slow (leak 0.1),A-readout,4,32,560,5.0,1,20260837,2800,2.136
esn-slow (leak 0.1),B-drive,4,2,5,560.0,1,20260837,2800,0.92
esn-slow (leak 0.1),B-drive,4,4,14,200.0,1,20260837,2800,1.429
esn-slow (leak 0.1),B-drive,4,8,44,63.636,1,20260837,2800,2.179
esn-slow (leak 0.1),B-drive,4,16,152,18.421,1,20260837,2800,3.408
esn-slow (leak 0.1),B-drive,4,32,560,5.0,1,20260837,2800,5.002
esn-slow (leak 0.1),A-readout,8,2,5,560.0,1,20260837,2800,0.116
esn-slow (leak 0.1),A-readout,8,4,14,200.0,1,20260837,2800,0.179
esn-slow (leak 0.1),A-readout,8,8,44,63.636,1,20260837,2800,0.24
esn-slow (leak 0.1),A-readout,8,16,152,18.421,1,20260837,2800,0.561
esn-slow (leak 0.1),A-readout,8,32,560,5.0,1,20260837,2800,1.381
esn-slow (leak 0.1),B-drive,8,2,5,560.0,1,20260837,2800,1.475
esn-slow (leak 0.1),B-drive,8,4,14,200.0,1,20260837,2800,2.202
esn-slow (leak 0.1),B-drive,8,8,44,63.636,1,20260837,2800,3.144
esn-slow (leak 0.1),B-drive,8,16,152,18.421,1,20260837,2800,4.39
esn-slow (leak 0.1),B-drive,8,32,560,5.0,1,20260837,2800,5.379
esn-fast (leak 1.0),A-readout,1,2,5,560.0,1,20260838,2800,2.026
esn-fast (leak 1.0),A-readout,1,4,14,200.0,1,20260838,2800,4.012
esn-fast (leak 1.0),A-readout,1,8,44,63.636,1,20260838,2800,7.558
esn-fast (leak 1.0),A-readout,1,16,152,18.421,1,20260838,2800,10.507
esn-fast (leak 1.0),A-readout,1,32,560,5.0,1,20260838,2800,11.159
esn-fast (leak 1.0),B-drive,1,2,5,560.0,1,20260838,2800,2.026
esn-fast (leak 1.0),B-drive,1,4,14,200.0,1,20260838,2800,4.012
esn-fast (leak 1.0),B-drive,1,8,44,63.636,1,20260838,2800,7.558
esn-fast (leak 1.0),B-drive,1,16,152,18.421,1,20260838,2800,10.507
esn-fast (leak 1.0),B-drive,1,32,560,5.0,1,20260838,2800,11.159
esn-fast (leak 1.0),A-readout,2,2,5,560.0,1,20260838,2800,1.964
esn-fast (leak 1.0),A-readout,2,4,14,200.0,1,20260838,2800,3.679
esn-fast (leak 1.0),A-readout,2,8,44,63.636,1,20260838,2800,4.901
esn-fast (leak 1.0),A-readout,2,16,152,18.421,1,20260838,2800,5.068
esn-fast (leak 1.0),A-readout,2,32,560,5.0,1,20260838,2800,5.864
esn-fast (leak 1.0),B-drive,2,2,5,560.0,1,20260838,2800,2.009
esn-fast (leak 1.0),B-drive,2,4,14,200.0,1,20260838,2800,3.883
esn-fast (leak 1.0),B-drive,2,8,44,63.636,1,20260838,2800,6.062
esn-fast (leak 1.0),B-drive,2,16,152,18.421,1,20260838,2800,6.601
esn-fast (leak 1.0),B-drive,2,32,560,5.0,1,20260838,2800,7.412
esn-fast (leak 1.0),A-readout,4,2,5,560.0,1,20260838,2800,1.788
esn-fast (leak 1.0),A-readout,4,4,14,200.0,1,20260838,2800,2.3
esn-fast (leak 1.0),A-readout,4,8,44,63.636,1,20260838,2800,2.351
esn-fast (leak 1.0),A-readout,4,16,152,18.421,1,20260838,2800,2.54
esn-fast (leak 1.0),A-readout,4,32,560,5.0,1,20260838,2800,3.367
esn-fast (leak 1.0),B-drive,4,2,5,560.0,1,20260838,2800,1.908
esn-fast (leak 1.0),B-drive,4,4,14,200.0,1,20260838,2800,2.947
esn-fast (leak 1.0),B-drive,4,8,44,63.636,1,20260838,2800,3.254
esn-fast (leak 1.0),B-drive,4,16,152,18.421,1,20260838,2800,3.415
esn-fast (leak 1.0),B-drive,4,32,560,5.0,1,20260838,2800,4.205
esn-fast (leak 1.0),A-readout,8,2,5,560.0,1,20260838,2800,0.834
esn-fast (leak 1.0),A-readout,8,4,14,200.0,1,20260838,2800,0.857
esn-fast (leak 1.0),A-readout,8,8,44,63.636,1,20260838,2800,0.904
esn-fast (leak 1.0),A-readout,8,16,152,18.421,1,20260838,2800,1.105
esn-fast (leak 1.0),A-readout,8,32,560,5.0,1,20260838,2800,1.797
esn-fast (leak 1.0),B-drive,8,2,5,560.0,1,20260838,2800,1.372
esn-fast (leak 1.0),B-drive,8,4,14,200.0,1,20260838,2800,1.512
esn-fast (leak 1.0),B-drive,8,8,44,63.636,1,20260838,2800,1.551
esn-fast (leak 1.0),B-drive,8,16,152,18.421,1,20260838,2800,1.67
esn-fast (leak 1.0),B-drive,8,32,560,5.0,1,20260838,2800,2.425
esn-mid (leak 0.3),A-readout,1,2,5,560.0,1,20260838,2800,0.995
esn-mid (leak 0.3),A-readout,1,4,14,200.0,1,20260838,2800,1.631
esn-mid (leak 0.3),A-readout,1,8,44,63.636,1,20260838,2800,2.585
esn-mid (leak 0.3),A-readout,1,16,152,18.421,1,20260838,2800,3.922
esn-mid (leak 0.3),A-readout,1,32,560,5.0,1,20260838,2800,5.772
esn-mid (leak 0.3),B-drive,1,2,5,560.0,1,20260838,2800,0.995
esn-mid (leak 0.3),B-drive,1,4,14,200.0,1,20260838,2800,1.631
esn-mid (leak 0.3),B-drive,1,8,44,63.636,1,20260838,2800,2.585
esn-mid (leak 0.3),B-drive,1,16,152,18.421,1,20260838,2800,3.922
esn-mid (leak 0.3),B-drive,1,32,560,5.0,1,20260838,2800,5.772
esn-mid (leak 0.3),A-readout,2,2,5,560.0,1,20260838,2800,0.785
esn-mid (leak 0.3),A-readout,2,4,14,200.0,1,20260838,2800,1.317
esn-mid (leak 0.3),A-readout,2,8,44,63.636,1,20260838,2800,2.109
esn-mid (leak 0.3),A-readout,2,16,152,18.421,1,20260838,2800,3.208
esn-mid (leak 0.3),A-readout,2,32,560,5.0,1,20260838,2800,4.678
esn-mid (leak 0.3),B-drive,2,2,5,560.0,1,20260838,2800,1.534
esn-mid (leak 0.3),B-drive,2,4,14,200.0,1,20260838,2800,2.45
esn-mid (leak 0.3),B-drive,2,8,44,63.636,1,20260838,2800,3.762
esn-mid (leak 0.3),B-drive,2,16,152,18.421,1,20260838,2800,5.406
esn-mid (leak 0.3),B-drive,2,32,560,5.0,1,20260838,2800,7.229
esn-mid (leak 0.3),A-readout,4,2,5,560.0,1,20260838,2800,0.544
esn-mid (leak 0.3),A-readout,4,4,14,200.0,1,20260838,2800,0.873
esn-mid (leak 0.3),A-readout,4,8,44,63.636,1,20260838,2800,1.27
esn-mid (leak 0.3),A-readout,4,16,152,18.421,1,20260838,2800,1.815
esn-mid (leak 0.3),A-readout,4,32,560,5.0,1,20260838,2800,2.529
esn-mid (leak 0.3),B-drive,4,2,5,560.0,1,20260838,2800,1.894
esn-mid (leak 0.3),B-drive,4,4,14,200.0,1,20260838,2800,3.127
esn-mid (leak 0.3),B-drive,4,8,44,63.636,1,20260838,2800,4.614
esn-mid (leak 0.3),B-drive,4,16,152,18.421,1,20260838,2800,5.86
esn-mid (leak 0.3),B-drive,4,32,560,5.0,1,20260838,2800,6.705
esn-mid (leak 0.3),A-readout,8,2,5,560.0,1,20260838,2800,0.329
esn-mid (leak 0.3),A-readout,8,4,14,200.0,1,20260838,2800,0.488
esn-mid (leak 0.3),A-readout,8,8,44,63.636,1,20260838,2800,0.659
esn-mid (leak 0.3),A-readout,8,16,152,18.421,1,20260838,2800,0.854
esn-mid (leak 0.3),A-readout,8,32,560,5.0,1,20260838,2800,1.561
esn-mid (leak 0.3),B-drive,8,2,5,560.0,1,20260838,2800,1.95
esn-mid (leak 0.3),B-drive,8,4,14,200.0,1,20260838,2800,3.205
esn-mid (leak 0.3),B-drive,8,8,44,63.636,1,20260838,2800,4.031
esn-mid (leak 0.3),B-drive,8,16,152,18.421,1,20260838,2800,4.152
esn-mid (leak 0.3),B-drive,8,32,560,5.0,1,20260838,2800,5.025
esn-slow (leak 0.1),A-readout,1,2,5,560.0,1,20260838,2800,0.482
esn-slow (leak 0.1),A-readout,1,4,14,200.0,1,20260838,2800,0.775
esn-slow (leak 0.1),A-readout,1,8,44,63.636,1,20260838,2800,1.267
esn-slow (leak 0.1),A-readout,1,16,152,18.421,1,20260838,2800,1.91
esn-slow (leak 0.1),A-readout,1,32,560,5.0,1,20260838,2800,3.117
esn-slow (leak 0.1),B-drive,1,2,5,560.0,1,20260838,2800,0.482
esn-slow (leak 0.1),B-drive,1,4,14,200.0,1,20260838,2800,0.775
esn-slow (leak 0.1),B-drive,1,8,44,63.636,1,20260838,2800,1.267
esn-slow (leak 0.1),B-drive,1,16,152,18.421,1,20260838,2800,1.91
esn-slow (leak 0.1),B-drive,1,32,560,5.0,1,20260838,2800,3.117
esn-slow (leak 0.1),A-readout,2,2,5,560.0,1,20260838,2800,0.422
esn-slow (leak 0.1),A-readout,2,4,14,200.0,1,20260838,2800,0.762
esn-slow (leak 0.1),A-readout,2,8,44,63.636,1,20260838,2800,1.185
esn-slow (leak 0.1),A-readout,2,16,152,18.421,1,20260838,2800,1.782
esn-slow (leak 0.1),A-readout,2,32,560,5.0,1,20260838,2800,2.923
esn-slow (leak 0.1),B-drive,2,2,5,560.0,1,20260838,2800,0.636
esn-slow (leak 0.1),B-drive,2,4,14,200.0,1,20260838,2800,1.14
esn-slow (leak 0.1),B-drive,2,8,44,63.636,1,20260838,2800,1.796
esn-slow (leak 0.1),B-drive,2,16,152,18.421,1,20260838,2800,2.748
esn-slow (leak 0.1),B-drive,2,32,560,5.0,1,20260838,2800,4.288
esn-slow (leak 0.1),A-readout,4,2,5,560.0,1,20260838,2800,0.271
esn-slow (leak 0.1),A-readout,4,4,14,200.0,1,20260838,2800,0.448
esn-slow (leak 0.1),A-readout,4,8,44,63.636,1,20260838,2800,0.679
esn-slow (leak 0.1),A-readout,4,16,152,18.421,1,20260838,2800,1.067
esn-slow (leak 0.1),A-readout,4,32,560,5.0,1,20260838,2800,1.673
esn-slow (leak 0.1),B-drive,4,2,5,560.0,1,20260838,2800,1.051
esn-slow (leak 0.1),B-drive,4,4,14,200.0,1,20260838,2800,1.73
esn-slow (leak 0.1),B-drive,4,8,44,63.636,1,20260838,2800,2.735
esn-slow (leak 0.1),B-drive,4,16,152,18.421,1,20260838,2800,4.104
esn-slow (leak 0.1),B-drive,4,32,560,5.0,1,20260838,2800,5.971
esn-slow (leak 0.1),A-readout,8,2,5,560.0,1,20260838,2800,0.196
esn-slow (leak 0.1),A-readout,8,4,14,200.0,1,20260838,2800,0.322
esn-slow (leak 0.1),A-readout,8,8,44,63.636,1,20260838,2800,0.54
esn-slow (leak 0.1),A-readout,8,16,152,18.421,1,20260838,2800,0.975
esn-slow (leak 0.1),A-readout,8,32,560,5.0,1,20260838,2800,1.862
esn-slow (leak 0.1),B-drive,8,2,5,560.0,1,20260838,2800,1.598
esn-slow (leak 0.1),B-drive,8,4,14,200.0,1,20260838,2800,2.529
esn-slow (leak 0.1),B-drive,8,8,44,63.636,1,20260838,2800,3.828
esn-slow (leak 0.1),B-drive,8,16,152,18.421,1,20260838,2800,5.386
esn-slow (leak 0.1),B-drive,8,32,560,5.0,1,20260838,2800,6.674
esn-fast (leak 1.0),A-readout,1,2,5,560.0,1,20260839,2800,2.002
esn-fast (leak 1.0),A-readout,1,4,14,200.0,1,20260839,2800,3.971
esn-fast (leak 1.0),A-readout,1,8,44,63.636,1,20260839,2800,7.581
esn-fast (leak 1.0),A-readout,1,16,152,18.421,1,20260839,2800,9.847
esn-fast (leak 1.0),A-readout,1,32,560,5.0,1,20260839,2800,10.688
esn-fast (leak 1.0),B-drive,1,2,5,560.0,1,20260839,2800,2.002
esn-fast (leak 1.0),B-drive,1,4,14,200.0,1,20260839,2800,3.971
esn-fast (leak 1.0),B-drive,1,8,44,63.636,1,20260839,2800,7.581
esn-fast (leak 1.0),B-drive,1,16,152,18.421,1,20260839,2800,9.847
esn-fast (leak 1.0),B-drive,1,32,560,5.0,1,20260839,2800,10.688
esn-fast (leak 1.0),A-readout,2,2,5,560.0,1,20260839,2800,1.965
esn-fast (leak 1.0),A-readout,2,4,14,200.0,1,20260839,2800,3.689
esn-fast (leak 1.0),A-readout,2,8,44,63.636,1,20260839,2800,4.728
esn-fast (leak 1.0),A-readout,2,16,152,18.421,1,20260839,2800,4.901
esn-fast (leak 1.0),A-readout,2,32,560,5.0,1,20260839,2800,5.721
esn-fast (leak 1.0),B-drive,2,2,5,560.0,1,20260839,2800,2.011
esn-fast (leak 1.0),B-drive,2,4,14,200.0,1,20260839,2800,3.89
esn-fast (leak 1.0),B-drive,2,8,44,63.636,1,20260839,2800,5.777
esn-fast (leak 1.0),B-drive,2,16,152,18.421,1,20260839,2800,5.939
esn-fast (leak 1.0),B-drive,2,32,560,5.0,1,20260839,2800,6.739
esn-fast (leak 1.0),A-readout,4,2,5,560.0,1,20260839,2800,1.73
esn-fast (leak 1.0),A-readout,4,4,14,200.0,1,20260839,2800,2.051
esn-fast (leak 1.0),A-readout,4,8,44,63.636,1,20260839,2800,2.127
esn-fast (leak 1.0),A-readout,4,16,152,18.421,1,20260839,2800,2.298
esn-fast (leak 1.0),A-readout,4,32,560,5.0,1,20260839,2800,3.015
esn-fast (leak 1.0),B-drive,4,2,5,560.0,1,20260839,2800,1.942
esn-fast (leak 1.0),B-drive,4,4,14,200.0,1,20260839,2800,3.092
esn-fast (leak 1.0),B-drive,4,8,44,63.636,1,20260839,2800,3.189
esn-fast (leak 1.0),B-drive,4,16,152,18.421,1,20260839,2800,3.363
esn-fast (leak 1.0),B-drive,4,32,560,5.0,1,20260839,2800,4.131
esn-fast (leak 1.0),A-readout,8,2,5,560.0,1,20260839,2800,0.776
esn-fast (leak 1.0),A-readout,8,4,14,200.0,1,20260839,2800,0.787
esn-fast (leak 1.0),A-readout,8,8,44,63.636,1,20260839,2800,0.835
esn-fast (leak 1.0),A-readout,8,16,152,18.421,1,20260839,2800,1.043
esn-fast (leak 1.0),A-readout,8,32,560,5.0,1,20260839,2800,1.832
esn-fast (leak 1.0),B-drive,8,2,5,560.0,1,20260839,2800,1.533
esn-fast (leak 1.0),B-drive,8,4,14,200.0,1,20260839,2800,1.564
esn-fast (leak 1.0),B-drive,8,8,44,63.636,1,20260839,2800,1.594
esn-fast (leak 1.0),B-drive,8,16,152,18.421,1,20260839,2800,1.82
esn-fast (leak 1.0),B-drive,8,32,560,5.0,1,20260839,2800,2.575
esn-mid (leak 0.3),A-readout,1,2,5,560.0,1,20260839,2800,0.929
esn-mid (leak 0.3),A-readout,1,4,14,200.0,1,20260839,2800,1.503
esn-mid (leak 0.3),A-readout,1,8,44,63.636,1,20260839,2800,2.37
esn-mid (leak 0.3),A-readout,1,16,152,18.421,1,20260839,2800,3.719
esn-mid (leak 0.3),A-readout,1,32,560,5.0,1,20260839,2800,5.646
esn-mid (leak 0.3),B-drive,1,2,5,560.0,1,20260839,2800,0.929
esn-mid (leak 0.3),B-drive,1,4,14,200.0,1,20260839,2800,1.503
esn-mid (leak 0.3),B-drive,1,8,44,63.636,1,20260839,2800,2.37
esn-mid (leak 0.3),B-drive,1,16,152,18.421,1,20260839,2800,3.719
esn-mid (leak 0.3),B-drive,1,32,560,5.0,1,20260839,2800,5.646
esn-mid (leak 0.3),A-readout,2,2,5,560.0,1,20260839,2800,0.667
esn-mid (leak 0.3),A-readout,2,4,14,200.0,1,20260839,2800,1.145
esn-mid (leak 0.3),A-readout,2,8,44,63.636,1,20260839,2800,1.873
esn-mid (leak 0.3),A-readout,2,16,152,18.421,1,20260839,2800,2.959
esn-mid (leak 0.3),A-readout,2,32,560,5.0,1,20260839,2800,4.102
esn-mid (leak 0.3),B-drive,2,2,5,560.0,1,20260839,2800,1.473
esn-mid (leak 0.3),B-drive,2,4,14,200.0,1,20260839,2800,2.297
esn-mid (leak 0.3),B-drive,2,8,44,63.636,1,20260839,2800,3.412
esn-mid (leak 0.3),B-drive,2,16,152,18.421,1,20260839,2800,4.925
esn-mid (leak 0.3),B-drive,2,32,560,5.0,1,20260839,2800,6.3
esn-mid (leak 0.3),A-readout,4,2,5,560.0,1,20260839,2800,0.42
esn-mid (leak 0.3),A-readout,4,4,14,200.0,1,20260839,2800,0.666
esn-mid (leak 0.3),A-readout,4,8,44,63.636,1,20260839,2800,1.071
esn-mid (leak 0.3),A-readout,4,16,152,18.421,1,20260839,2800,1.347
esn-mid (leak 0.3),A-readout,4,32,560,5.0,1,20260839,2800,2.051
esn-mid (leak 0.3),B-drive,4,2,5,560.0,1,20260839,2800,1.845
esn-mid (leak 0.3),B-drive,4,4,14,200.0,1,20260839,2800,2.887
esn-mid (leak 0.3),B-drive,4,8,44,63.636,1,20260839,2800,4.011
esn-mid (leak 0.3),B-drive,4,16,152,18.421,1,20260839,2800,4.843
esn-mid (leak 0.3),B-drive,4,32,560,5.0,1,20260839,2800,5.652
esn-mid (leak 0.3),A-readout,8,2,5,560.0,1,20260839,2800,0.283
esn-mid (leak 0.3),A-readout,8,4,14,200.0,1,20260839,2800,0.388
esn-mid (leak 0.3),A-readout,8,8,44,63.636,1,20260839,2800,0.487
esn-mid (leak 0.3),A-readout,8,16,152,18.421,1,20260839,2800,0.661
esn-mid (leak 0.3),A-readout,8,32,560,5.0,1,20260839,2800,1.397
esn-mid (leak 0.3),B-drive,8,2,5,560.0,1,20260839,2800,1.966
esn-mid (leak 0.3),B-drive,8,4,14,200.0,1,20260839,2800,3.096
esn-mid (leak 0.3),B-drive,8,8,44,63.636,1,20260839,2800,3.601
esn-mid (leak 0.3),B-drive,8,16,152,18.421,1,20260839,2800,3.8
esn-mid (leak 0.3),B-drive,8,32,560,5.0,1,20260839,2800,4.634
esn-slow (leak 0.1),A-readout,1,2,5,560.0,1,20260839,2800,0.426
esn-slow (leak 0.1),A-readout,1,4,14,200.0,1,20260839,2800,0.705
esn-slow (leak 0.1),A-readout,1,8,44,63.636,1,20260839,2800,1.225
esn-slow (leak 0.1),A-readout,1,16,152,18.421,1,20260839,2800,2.021
esn-slow (leak 0.1),A-readout,1,32,560,5.0,1,20260839,2800,3.541
esn-slow (leak 0.1),B-drive,1,2,5,560.0,1,20260839,2800,0.426
esn-slow (leak 0.1),B-drive,1,4,14,200.0,1,20260839,2800,0.705
esn-slow (leak 0.1),B-drive,1,8,44,63.636,1,20260839,2800,1.225
esn-slow (leak 0.1),B-drive,1,16,152,18.421,1,20260839,2800,2.021
esn-slow (leak 0.1),B-drive,1,32,560,5.0,1,20260839,2800,3.541
esn-slow (leak 0.1),A-readout,2,2,5,560.0,1,20260839,2800,0.357
esn-slow (leak 0.1),A-readout,2,4,14,200.0,1,20260839,2800,0.65
esn-slow (leak 0.1),A-readout,2,8,44,63.636,1,20260839,2800,1.094
esn-slow (leak 0.1),A-readout,2,16,152,18.421,1,20260839,2800,1.973
esn-slow (leak 0.1),A-readout,2,32,560,5.0,1,20260839,2800,3.466
esn-slow (leak 0.1),B-drive,2,2,5,560.0,1,20260839,2800,0.554
esn-slow (leak 0.1),B-drive,2,4,14,200.0,1,20260839,2800,0.983
esn-slow (leak 0.1),B-drive,2,8,44,63.636,1,20260839,2800,1.656
esn-slow (leak 0.1),B-drive,2,16,152,18.421,1,20260839,2800,2.695
esn-slow (leak 0.1),B-drive,2,32,560,5.0,1,20260839,2800,4.431
esn-slow (leak 0.1),A-readout,4,2,5,560.0,1,20260839,2800,0.201
esn-slow (leak 0.1),A-readout,4,4,14,200.0,1,20260839,2800,0.396
esn-slow (leak 0.1),A-readout,4,8,44,63.636,1,20260839,2800,0.736
esn-slow (leak 0.1),A-readout,4,16,152,18.421,1,20260839,2800,1.134
esn-slow (leak 0.1),A-readout,4,32,560,5.0,1,20260839,2800,1.792
esn-slow (leak 0.1),B-drive,4,2,5,560.0,1,20260839,2800,0.948
esn-slow (leak 0.1),B-drive,4,4,14,200.0,1,20260839,2800,1.539
esn-slow (leak 0.1),B-drive,4,8,44,63.636,1,20260839,2800,2.409
esn-slow (leak 0.1),B-drive,4,16,152,18.421,1,20260839,2800,3.729
esn-slow (leak 0.1),B-drive,4,32,560,5.0,1,20260839,2800,5.488
esn-slow (leak 0.1),A-readout,8,2,5,560.0,1,20260839,2800,0.115
esn-slow (leak 0.1),A-readout,8,4,14,200.0,1,20260839,2800,0.187
esn-slow (leak 0.1),A-readout,8,8,44,63.636,1,20260839,2800,0.326
esn-slow (leak 0.1),A-readout,8,16,152,18.421,1,20260839,2800,0.595
esn-slow (leak 0.1),A-readout,8,32,560,5.0,1,20260839,2800,1.341
esn-slow (leak 0.1),B-drive,8,2,5,560.0,1,20260839,2800,1.474
esn-slow (leak 0.1),B-drive,8,4,14,200.0,1,20260839,2800,2.299
esn-slow (leak 0.1),B-drive,8,8,44,63.636,1,20260839,2800,3.366
esn-slow (leak 0.1),B-drive,8,16,152,18.421,1,20260839,2800,4.703
esn-slow (leak 0.1),B-drive,8,32,560,5.0,1,20260839,2800,5.645
